time,src_ip,useragent,connection,http_method,request_scheme,http_status,dest_host,url,url_path,mimetype,content_type,url_query,cookies,data,referrer,authorisation,duration,request_id,user,dest_port,content_md5
2022-11-02T21:23:58.688498+08:00,127.0.0.1,"Mozilla/5.0 (Windows NT 10.0; Win64; x64) AppleWebKit/537.36 (KHTML, like Gecko) Chrome/107.0.0.0 Safari/537.36",keep-alive,GET,http,200,127.0.0.1,http://127.0.0.1:5000/,/,,,b'',"ImmutableMultiDict([('session', '.eJxFTz1PxDAM_S-eOyRO4jidGZFgYK_sxIETXHtqexPiv5MTA5Of35PexzcsfbfjA-Zzv9sEy6XBDE5UlUm7FOLssFZCxMyGVQcqQoriqveUkRNpRbIapbN2Tag-UQ9S4rhU2GmOvuUmVppqas1IUseAIbtSsrSRVriVGkNonGN1CqPI_bD9r40fr5ynXW_n8by9X1aY_T_z8vYKs5ugHntfzu3ThgxdkjijHKJHZCLhZjzWtIwpjBmqlSnxw3k7bzBToph5gkfoKlcbFk-yXuQLfn4B_CBU3Q.Y2JsMQ.-tu72EPiGFlhg4ll48fzayr4ZJY')])",b'',,,0.038999319076538086,,,5000,
2022-11-02T21:24:00.847747+08:00,127.0.0.1,"Mozilla/5.0 (Windows NT 10.0; Win64; x64) AppleWebKit/537.36 (KHTML, like Gecko) Chrome/107.0.0.0 Safari/537.36",keep-alive,GET,http,200,127.0.0.1,http://127.0.0.1:5000/control_panel,/control_panel,,,b'',"ImmutableMultiDict([('session', '.eJxFTz1PxDAM_S-eOyRO4jidGZFgYK_sxIETXHtqexPiv5MTA5Of35PexzcsfbfjA-Zzv9sEy6XBDE5UlUm7FOLssFZCxMyGVQcqQoriqveUkRNpRbIapbN2Tag-UQ9S4rhU2GmOvuUmVppqas1IUseAIbtSsrSRVriVGkNonGN1CqPI_bD9r40fr5ynXW_n8by9X1aY_T_z8vYKs5ugHntfzu3ThgxdkjijHKJHZCLhZjzWtIwpjBmqlSnxw3k7bzBToph5gkfoKlcbFk-yXuQLfn4B_CBU3Q.Y2JsMQ.-tu72EPiGFlhg4ll48fzayr4ZJY')])",b'',http://127.0.0.1:5000/,,0.006999015808105469,,,5000,
2022-11-02T21:24:01.950831+08:00,127.0.0.1,"Mozilla/5.0 (Windows NT 10.0; Win64; x64) AppleWebKit/537.36 (KHTML, like Gecko) Chrome/107.0.0.0 Safari/537.36",keep-alive,GET,http,500,127.0.0.1,http://127.0.0.1:5000/user_detail/1,/user_detail/1,,,b'',"ImmutableMultiDict([('session', '.eJxFTz1PxDAM_S-eOyRO4jidGZFgYK_sxIETXHtqexPiv5MTA5Of35PexzcsfbfjA-Zzv9sEy6XBDE5UlUm7FOLssFZCxMyGVQcqQoriqveUkRNpRbIapbN2Tag-UQ9S4rhU2GmOvuUmVppqas1IUseAIbtSsrSRVriVGkNonGN1CqPI_bD9r40fr5ynXW_n8by9X1aY_T_z8vYKs5ugHntfzu3ThgxdkjijHKJHZCLhZjzWtIwpjBmqlSnxw3k7bzBToph5gkfoKlcbFk-yXuQLfn4B_CBU3Q.Y2JsMQ.-tu72EPiGFlhg4ll48fzayr4ZJY')])",b'',http://127.0.0.1:5000/control_panel,,0.017014026641845703,,,5000,
2022-11-02T21:24:50.985149+08:00,127.0.0.1,"Mozilla/5.0 (Windows NT 10.0; Win64; x64) AppleWebKit/537.36 (KHTML, like Gecko) Chrome/107.0.0.0 Safari/537.36",keep-alive,GET,http,200,127.0.0.1,http://127.0.0.1:5000/,/,,,b'',"ImmutableMultiDict([('session', '.eJxFTz1PxDAM_S-eOyRO4jidGZFgYK_sxIETXHtqexPiv5MTA5Of35PexzcsfbfjA-Zzv9sEy6XBDE5UlUm7FOLssFZCxMyGVQcqQoriqveUkRNpRbIapbN2Tag-UQ9S4rhU2GmOvuUmVppqas1IUseAIbtSsrSRVriVGkNonGN1CqPI_bD9r40fr5ynXW_n8by9X1aY_T_z8vYKs5ugHntfzu3ThgxdkjijHKJHZCLhZjzWtIwpjBmqlSnxw3k7bzBToph5gkfoKlcbFk-yXuQLfn4B_CBU3Q.Y2JsMQ.-tu72EPiGFlhg4ll48fzayr4ZJY')])",b'',,,0.03500223159790039,,,5000,
2022-11-02T21:24:53.570489+08:00,127.0.0.1,"Mozilla/5.0 (Windows NT 10.0; Win64; x64) AppleWebKit/537.36 (KHTML, like Gecko) Chrome/107.0.0.0 Safari/537.36",keep-alive,GET,http,200,127.0.0.1,http://127.0.0.1:5000/control_panel,/control_panel,,,b'',"ImmutableMultiDict([('session', '.eJxFTz1PxDAM_S-eOyRO4jidGZFgYK_sxIETXHtqexPiv5MTA5Of35PexzcsfbfjA-Zzv9sEy6XBDE5UlUm7FOLssFZCxMyGVQcqQoriqveUkRNpRbIapbN2Tag-UQ9S4rhU2GmOvuUmVppqas1IUseAIbtSsrSRVriVGkNonGN1CqPI_bD9r40fr5ynXW_n8by9X1aY_T_z8vYKs5ugHntfzu3ThgxdkjijHKJHZCLhZjzWtIwpjBmqlSnxw3k7bzBToph5gkfoKlcbFk-yXuQLfn4B_CBU3Q.Y2JsMQ.-tu72EPiGFlhg4ll48fzayr4ZJY')])",b'',http://127.0.0.1:5000/,,0.00699162483215332,,,5000,
2022-11-02T21:24:54.612877+08:00,127.0.0.1,"Mozilla/5.0 (Windows NT 10.0; Win64; x64) AppleWebKit/537.36 (KHTML, like Gecko) Chrome/107.0.0.0 Safari/537.36",keep-alive,GET,http,200,127.0.0.1,http://127.0.0.1:5000/user_detail/1,/user_detail/1,,,b'',"ImmutableMultiDict([('session', '.eJxFTz1PxDAM_S-eOyRO4jidGZFgYK_sxIETXHtqexPiv5MTA5Of35PexzcsfbfjA-Zzv9sEy6XBDE5UlUm7FOLssFZCxMyGVQcqQoriqveUkRNpRbIapbN2Tag-UQ9S4rhU2GmOvuUmVppqas1IUseAIbtSsrSRVriVGkNonGN1CqPI_bD9r40fr5ynXW_n8by9X1aY_T_z8vYKs5ugHntfzu3ThgxdkjijHKJHZCLhZjzWtIwpjBmqlSnxw3k7bzBToph5gkfoKlcbFk-yXuQLfn4B_CBU3Q.Y2JsMQ.-tu72EPiGFlhg4ll48fzayr4ZJY')])",b'',http://127.0.0.1:5000/control_panel,,0.013006210327148438,,,5000,
2022-11-02T21:25:31.349650+08:00,127.0.0.1,"Mozilla/5.0 (Windows NT 10.0; Win64; x64) AppleWebKit/537.36 (KHTML, like Gecko) Chrome/107.0.0.0 Safari/537.36",keep-alive,GET,http,200,127.0.0.1,http://127.0.0.1:5000/,/,,,b'',"ImmutableMultiDict([('session', '.eJxFTz1PxDAM_S-eOyRO4jidGZFgYK_sxIETXHtqexPiv5MTA5Of35PexzcsfbfjA-Zzv9sEy6XBDE5UlUm7FOLssFZCxMyGVQcqQoriqveUkRNpRbIapbN2Tag-UQ9S4rhU2GmOvuUmVppqas1IUseAIbtSsrSRVriVGkNonGN1CqPI_bD9r40fr5ynXW_n8by9X1aY_T_z8vYKs5ugHntfzu3ThgxdkjijHKJHZCLhZjzWtIwpjBmqlSnxw3k7bzBToph5gkfoKlcbFk-yXuQLfn4B_CBU3Q.Y2JsMQ.-tu72EPiGFlhg4ll48fzayr4ZJY')])",b'',,,0.03497028350830078,,,5000,
2022-11-02T21:25:33.351646+08:00,127.0.0.1,"Mozilla/5.0 (Windows NT 10.0; Win64; x64) AppleWebKit/537.36 (KHTML, like Gecko) Chrome/107.0.0.0 Safari/537.36",keep-alive,GET,http,200,127.0.0.1,http://127.0.0.1:5000/control_panel,/control_panel,,,b'',"ImmutableMultiDict([('session', '.eJxFTz1PxDAM_S-eOyRO4jidGZFgYK_sxIETXHtqexPiv5MTA5Of35PexzcsfbfjA-Zzv9sEy6XBDE5UlUm7FOLssFZCxMyGVQcqQoriqveUkRNpRbIapbN2Tag-UQ9S4rhU2GmOvuUmVppqas1IUseAIbtSsrSRVriVGkNonGN1CqPI_bD9r40fr5ynXW_n8by9X1aY_T_z8vYKs5ugHntfzu3ThgxdkjijHKJHZCLhZjzWtIwpjBmqlSnxw3k7bzBToph5gkfoKlcbFk-yXuQLfn4B_CBU3Q.Y2JsMQ.-tu72EPiGFlhg4ll48fzayr4ZJY')])",b'',http://127.0.0.1:5000/,,0.007990360260009766,,,5000,
2022-11-02T21:25:34.518920+08:00,127.0.0.1,"Mozilla/5.0 (Windows NT 10.0; Win64; x64) AppleWebKit/537.36 (KHTML, like Gecko) Chrome/107.0.0.0 Safari/537.36",keep-alive,GET,http,200,127.0.0.1,http://127.0.0.1:5000/user_detail/1,/user_detail/1,,,b'',"ImmutableMultiDict([('session', '.eJxFTz1PxDAM_S-eOyRO4jidGZFgYK_sxIETXHtqexPiv5MTA5Of35PexzcsfbfjA-Zzv9sEy6XBDE5UlUm7FOLssFZCxMyGVQcqQoriqveUkRNpRbIapbN2Tag-UQ9S4rhU2GmOvuUmVppqas1IUseAIbtSsrSRVriVGkNonGN1CqPI_bD9r40fr5ynXW_n8by9X1aY_T_z8vYKs5ugHntfzu3ThgxdkjijHKJHZCLhZjzWtIwpjBmqlSnxw3k7bzBToph5gkfoKlcbFk-yXuQLfn4B_CBU3Q.Y2JsMQ.-tu72EPiGFlhg4ll48fzayr4ZJY')])",b'',http://127.0.0.1:5000/control_panel,,0.011024713516235352,,,5000,
2022-11-02T21:25:45.792909+08:00,127.0.0.1,"Mozilla/5.0 (Windows NT 10.0; Win64; x64) AppleWebKit/537.36 (KHTML, like Gecko) Chrome/107.0.0.0 Safari/537.36",keep-alive,GET,http,302,127.0.0.1,http://127.0.0.1:5000/logout,/logout,,,b'',"ImmutableMultiDict([('session', '.eJxFTz1PxDAM_S-eOyRO4jidGZFgYK_sxIETXHtqexPiv5MTA5Of35PexzcsfbfjA-Zzv9sEy6XBDE5UlUm7FOLssFZCxMyGVQcqQoriqveUkRNpRbIapbN2Tag-UQ9S4rhU2GmOvuUmVppqas1IUseAIbtSsrSRVriVGkNonGN1CqPI_bD9r40fr5ynXW_n8by9X1aY_T_z8vYKs5ugHntfzu3ThgxdkjijHKJHZCLhZjzWtIwpjBmqlSnxw3k7bzBToph5gkfoKlcbFk-yXuQLfn4B_CBU3Q.Y2JsMQ.-tu72EPiGFlhg4ll48fzayr4ZJY')])",b'',http://127.0.0.1:5000/user_detail/1?,,0.0029985904693603516,,,5000,
2022-11-02T21:25:45.805914+08:00,127.0.0.1,"Mozilla/5.0 (Windows NT 10.0; Win64; x64) AppleWebKit/537.36 (KHTML, like Gecko) Chrome/107.0.0.0 Safari/537.36",keep-alive,GET,http,200,127.0.0.1,http://127.0.0.1:5000/home,/home,,,b'',"ImmutableMultiDict([('session', '.eJxFjbEOgjAURX-lvrkDFFpqZ0cTHVyMIeQhr0CEltDiQvh3uznd5Jzk3B0aO2EYKIB57cBiGhid9cDh6Tc24JdYS-TY5PueOua3eIL6qDlgjDQvMVx9Pzow-Z_cHncwGYd3WG0T_YeSBosSM1JVUeZCaKVQd6QtnrtKyEKTaNu3VlLn6djHBYySqqw0hy3Q6nCmlLigG3GC4wfZBDjF.Y2Jv2Q.S0hXlUWpVG-_lh0qicXvRbb8sYo')])",b'',http://127.0.0.1:5000/user_detail/1?,,0.0,,,5000,
2022-11-02T21:25:58.453320+08:00,127.0.0.1,"Mozilla/5.0 (Windows NT 10.0; Win64; x64) AppleWebKit/537.36 (KHTML, like Gecko) Chrome/107.0.0.0 Safari/537.36",keep-alive,GET,http,200,127.0.0.1,http://127.0.0.1:5000/login,/login,,,b'',"ImmutableMultiDict([('session', '.eJxFzLEOgjAURuF3-ecOtNBy7exoooM7ucCtEqElbZ2M7y6b6_mS88EQspQnfOC1iALXKtteyyU9lgiv_-V6v8E3ClPJYajpJQcjsOVGXN922hhyjmkWCnyae2NbEjOOEzlLGgqp7vDOuq4nhXeRHHmTY3HmuPCK7w9WrytC.Y2Jv2Q.09aB6uD7sCG_BRVBLY4h-oIfpN4')])",b'',http://127.0.0.1:5000/home,,0.005993843078613281,,,5000,
2022-11-02T21:26:16.621799+08:00,127.0.0.1,"Mozilla/5.0 (Windows NT 10.0; Win64; x64) AppleWebKit/537.36 (KHTML, like Gecko) Chrome/107.0.0.0 Safari/537.36",keep-alive,POST,http,302,127.0.0.1,http://127.0.0.1:5000/login,/login,application/x-www-form-urlencoded,application/x-www-form-urlencoded,b'',"ImmutableMultiDict([('session', '.eJxFzLEOgjAURuF3-ecOtNBy7exoooM7ucCtEqElbZ2M7y6b6_mS88EQspQnfOC1iALXKtteyyU9lgiv_-V6v8E3ClPJYajpJQcjsOVGXN922hhyjmkWCnyae2NbEjOOEzlLGgqp7vDOuq4nhXeRHHmTY3HmuPCK7w9WrytC.Y2Jv2Q.09aB6uD7sCG_BRVBLY4h-oIfpN4')])",b'',http://127.0.0.1:5000/login,,10.467361688613892,,,5000,
2022-11-02T21:26:16.640800+08:00,127.0.0.1,"Mozilla/5.0 (Windows NT 10.0; Win64; x64) AppleWebKit/537.36 (KHTML, like Gecko) Chrome/107.0.0.0 Safari/537.36",keep-alive,GET,http,200,127.0.0.1,http://127.0.0.1:5000/verify,/verify,,,b'',"ImmutableMultiDict([('session', '.eJxFzLEOgjAURuF3-ecOtEC57exogoM7ucCtEqEltE7Gd5fN9XzJ-WAIh-QnfOA1iwKXItte8jU9lgiv_6W_3-ArhSkfYSjpJScjcMuV2K5utDFkLdMsFNjNnWlrEjOOE9mWNBRS2eGtc40mhXeWI_Im5-LCceEV3x9W2CtD.Y2Jv-A.vqlkZgary0OHcD6APfMARAlfvvQ')])",b'',http://127.0.0.1:5000/login,,0.003999471664428711,,,5000,
2022-11-02T21:26:23.651948+08:00,127.0.0.1,"Mozilla/5.0 (Windows NT 10.0; Win64; x64) AppleWebKit/537.36 (KHTML, like Gecko) Chrome/107.0.0.0 Safari/537.36",keep-alive,POST,http,302,127.0.0.1,http://127.0.0.1:5000/verify,/verify,application/x-www-form-urlencoded,application/x-www-form-urlencoded,b'',"ImmutableMultiDict([('session', '.eJxFzLEOgjAURuF3-ecOtEC57exogoM7ucCtEqEltE7Gd5fN9XzJ-WAIh-QnfOA1iwKXItte8jU9lgiv_6W_3-ArhSkfYSjpJScjcMuV2K5utDFkLdMsFNjNnWlrEjOOE9mWNBRS2eGtc40mhXeWI_Im5-LCceEV3x9W2CtD.Y2Jv-A.vqlkZgary0OHcD6APfMARAlfvvQ')])",b'',http://127.0.0.1:5000/verify,,0.0029969215393066406,,,5000,
2022-11-02T21:26:23.718959+08:00,127.0.0.1,"Mozilla/5.0 (Windows NT 10.0; Win64; x64) AppleWebKit/537.36 (KHTML, like Gecko) Chrome/107.0.0.0 Safari/537.36",keep-alive,GET,http,200,127.0.0.1,http://127.0.0.1:5000/dashboard,/dashboard,,,b'',"ImmutableMultiDict([('session', '.eJxFUE1rwzAM_SuZzjk4dizbOfc42GC7jFGKZMttWJuUODmV_ve5dLDTe5LgfegGh3ymcpICw_cNmrUClC1GKQVa-Hiyl-Zr3hpapDnPx6OkZpwaKkOzo2mkM-zv-7bqLFJOMKzLJnUaEwygiJk9cqaA3ikdI2qtnRcdubJAyJpU7Dp02lvkqFFiT9lzZqu5s5gNhb4iBq_Y9V1yiSQkZpuSINmsjTZOheAoVbfgU4i9Mcm7PiquDQ5bkeWZpqsjratcrmt5nY_jBEP3v3n7fIdBtRDLkg_r_CP1DJksKUFn-k5rj0g-ia9tktPW1BrM0aP1D-V5vcKAoab1LTxMJ7pIlfj70f0Xf5tsww.Y2Jv_w.NhKrTk4I2Ov85KwRKitiWhZswnw')])",b'',http://127.0.0.1:5000/verify,,0.05200672149658203,,,5000,
2022-11-02T21:26:26.442224+08:00,127.0.0.1,"Mozilla/5.0 (Windows NT 10.0; Win64; x64) AppleWebKit/537.36 (KHTML, like Gecko) Chrome/107.0.0.0 Safari/537.36",keep-alive,GET,http,302,127.0.0.1,http://127.0.0.1:5000/user_detail/1,/user_detail/1,,,b'',"ImmutableMultiDict([('session', '.eJxFjzFPxDAMhf-L5w6J0zhOZ0YkGNgrO3HgBNee2tyE-O_kxMBk-1l673vfsLbDzg9Y-nG3CdZLhQWcqCqTNsnEyWEphIiJDYuOLQspiiveU0KOpAXJyiyNtWlE9ZFakDyPSZmdptnXVMVyVY21GklsGDAkl3OSOtIy11zmECqnuTiFAXI_7fij8eOU3u166-fz_n7ZYPH_ysvbKyxugnIebe37p403NInijFKYPSITCVfj0aYmjGHUUC1MkR_Oe7_BQnnQ8gSP0E2uNiyeZLvIF_z8AvxJVN4.Y2Jv_w.s-Yeheq4_bXeMMzg6gdknjVWN3A')])",b'',,,0.0019981861114501953,,,5000,
2022-11-02T21:26:26.465231+08:00,127.0.0.1,"Mozilla/5.0 (Windows NT 10.0; Win64; x64) AppleWebKit/537.36 (KHTML, like Gecko) Chrome/107.0.0.0 Safari/537.36",keep-alive,GET,http,200,127.0.0.1,http://127.0.0.1:5000/index,/index,,,b'',"ImmutableMultiDict([('session', '.eJxFjzFPxDAMhf-L5w6J0zhOZ0YkGNgrO3HgBNee2tyE-O_kxMBk-1l673vfsLbDzg9Y-nG3CdZLhQWcqCqTNsnEyWEphIiJDYuOLQspiiveU0KOpAXJyiyNtWlE9ZFakDyPSZmdptnXVMVyVY21GklsGDAkl3OSOtIy11zmECqnuTiFAXI_7fij8eOU3u166-fz_n7ZYPH_ysvbKyxugnIebe37p403NInijFKYPSITCVfj0aYmjGHUUC1MkR_Oe7_BQnnQ8gSP0E2uNiyeZLvIF_z8AvxJVN4.Y2Jv_w.s-Yeheq4_bXeMMzg6gdknjVWN3A')])",b'',,,0.010009765625,,,5000,
2022-11-02T21:26:38.884691+08:00,127.0.0.1,"Mozilla/5.0 (Windows NT 10.0; Win64; x64) AppleWebKit/537.36 (KHTML, like Gecko) Chrome/107.0.0.0 Safari/537.36",keep-alive,GET,http,404,127.0.0.1,http://127.0.0.1:5000/user_detail/,/user_detail/,,,b'',"ImmutableMultiDict([('session', '.eJxFjzFPxDAMhf-L5w6J0zhOZ0YkGNgrO3HgBNee2tyE-O_kxMBk-1l673vfsLbDzg9Y-nG3CdZLhQWcqCqTNsnEyWEphIiJDYuOLQspiiveU0KOpAXJyiyNtWlE9ZFakDyPSZmdptnXVMVyVY21GklsGDAkl3OSOtIy11zmECqnuTiFAXI_7fij8eOU3u166-fz_n7ZYPH_ysvbKyxugnIebe37p403NInijFKYPSITCVfj0aYmjGHUUC1MkR_Oe7_BQnnQ8gSP0E2uNiyeZLvIF_z8AvxJVN4.Y2Jv_w.s-Yeheq4_bXeMMzg6gdknjVWN3A')])",b'',,,0.0010023117065429688,,,5000,
2022-11-02T21:26:41.380489+08:00,127.0.0.1,"Mozilla/5.0 (Windows NT 10.0; Win64; x64) AppleWebKit/537.36 (KHTML, like Gecko) Chrome/107.0.0.0 Safari/537.36",keep-alive,GET,http,302,127.0.0.1,http://127.0.0.1:5000/user_detail/1,/user_detail/1,,,b'',"ImmutableMultiDict([('session', '.eJxFjzFPxDAMhf-L5w6J0zhOZ0YkGNgrO3HgBNee2tyE-O_kxMBk-1l673vfsLbDzg9Y-nG3CdZLhQWcqCqTNsnEyWEphIiJDYuOLQspiiveU0KOpAXJyiyNtWlE9ZFakDyPSZmdptnXVMVyVY21GklsGDAkl3OSOtIy11zmECqnuTiFAXI_7fij8eOU3u166-fz_n7ZYPH_ysvbKyxugnIebe37p403NInijFKYPSITCVfj0aYmjGHUUC1MkR_Oe7_BQnnQ8gSP0E2uNiyeZLvIF_z8AvxJVN4.Y2Jv_w.s-Yeheq4_bXeMMzg6gdknjVWN3A')])",b'',,,0.0019974708557128906,,,5000,
2022-11-02T21:26:41.401496+08:00,127.0.0.1,"Mozilla/5.0 (Windows NT 10.0; Win64; x64) AppleWebKit/537.36 (KHTML, like Gecko) Chrome/107.0.0.0 Safari/537.36",keep-alive,GET,http,200,127.0.0.1,http://127.0.0.1:5000/index,/index,,,b'',"ImmutableMultiDict([('session', '.eJxFjzFPxDAMhf-L5w6J0zhOZ0YkGNgrO3HgBNee2tyE-O_kxMBk-1l673vfsLbDzg9Y-nG3CdZLhQWcqCqTNsnEyWEphIiJDYuOLQspiiveU0KOpAXJyiyNtWlE9ZFakDyPSZmdptnXVMVyVY21GklsGDAkl3OSOtIy11zmECqnuTiFAXI_7fij8eOU3u166-fz_n7ZYPH_ysvbKyxugnIebe37p403NInijFKYPSITCVfj0aYmjGHUUC1MkR_Oe7_BQnnQ8gSP0E2uNiyeZLvIF_z8AvxJVN4.Y2Jv_w.s-Yeheq4_bXeMMzg6gdknjVWN3A')])",b'',,,0.0060045719146728516,,,5000,
2022-11-03T22:35:09.137656+08:00,127.0.0.1,"Mozilla/5.0 (Windows NT 10.0; Win64; x64) AppleWebKit/537.36 (KHTML, like Gecko) Chrome/107.0.0.0 Safari/537.36",keep-alive,GET,http,200,127.0.0.1,http://127.0.0.1:5000/,/,,,b'',"ImmutableMultiDict([('session', '.eJxFjDEPwiAQRv_LzQwE2mvL7GhiB_fmwDttbKEBnIz_XeLi8iXvveR7wyKZywOc0FZYAdXK-1HLOd3XCE7_zeU6_ziULEtNT24ZtB2wEy_EhtAyhn7yI_ZmCtwGvRX2N20DKEj1AGe6YUSj4FU4R9q5XZworrTB5wttOyvE.Y2PMmw.Thimn7SWrH27EpiiFY9RkOqXwVE')])",b'',,,0.0029997825622558594,,,5000,
2022-11-03T22:35:12.049968+08:00,127.0.0.1,"Mozilla/5.0 (Windows NT 10.0; Win64; x64) AppleWebKit/537.36 (KHTML, like Gecko) Chrome/107.0.0.0 Safari/537.36",keep-alive,GET,http,200,127.0.0.1,http://127.0.0.1:5000/login,/login,,,b'',"ImmutableMultiDict([('session', '.eJxFjDEPwiAQRv_LzQwE2mvL7GhiB_fmwDttbKEBnIz_XeLi8iXvveR7wyKZywOc0FZYAdXK-1HLOd3XCE7_zeU6_ziULEtNT24ZtB2wEy_EhtAyhn7yI_ZmCtwGvRX2N20DKEj1AGe6YUSj4FU4R9q5XZworrTB5wttOyvE.Y2PMmw.Thimn7SWrH27EpiiFY9RkOqXwVE')])",b'',http://127.0.0.1:5000/,,0.003002643585205078,,,5000,
2022-11-04T16:33:35.654995+08:00,127.0.0.1,"Mozilla/5.0 (Windows NT 10.0; Win64; x64) AppleWebKit/537.36 (KHTML, like Gecko) Chrome/107.0.0.0 Safari/537.36",keep-alive,GET,http,200,localhost,http://localhost:5000/login,/login,,,b'',ImmutableMultiDict([]),b'',,,0.011557817459106445,,,5000,
2022-11-04T16:33:36.515897+08:00,127.0.0.1,"Mozilla/5.0 (Windows NT 10.0; Win64; x64) AppleWebKit/537.36 (KHTML, like Gecko) Chrome/107.0.0.0 Safari/537.36",keep-alive,GET,http,404,localhost,http://localhost:5000/favicon.ico,/favicon.ico,,,b'',"ImmutableMultiDict([('session', 'eyJfZnJlc2giOmZhbHNlLCJjc3JmX3Rva2VuIjoiYzMxYzc5MWQ4YTA2ZDBkYTczYjA5NjY4ZTc5ZjViM2M2YWFmZTViYiJ9.Y2TOXw.CNQzGsJttsOTUHS-6CkA5pLoxyk')])",b'',http://localhost:5000/login,,0.0,,,5000,
2022-11-04T16:33:38.670542+08:00,127.0.0.1,"Mozilla/5.0 (Windows NT 10.0; Win64; x64) AppleWebKit/537.36 (KHTML, like Gecko) Chrome/107.0.0.0 Safari/537.36",keep-alive,POST,http,200,localhost,http://localhost:5000/login,/login,application/x-www-form-urlencoded,application/x-www-form-urlencoded,b'',"ImmutableMultiDict([('session', 'eyJfZnJlc2giOmZhbHNlLCJjc3JmX3Rva2VuIjoiYzMxYzc5MWQ4YTA2ZDBkYTczYjA5NjY4ZTc5ZjViM2M2YWFmZTViYiJ9.Y2TOXw.CNQzGsJttsOTUHS-6CkA5pLoxyk')])",b'',http://localhost:5000/login,,0.010984420776367188,,,5000,
2022-11-04T16:38:02.705485+08:00,127.0.0.1,"Mozilla/5.0 (Windows NT 10.0; Win64; x64) AppleWebKit/537.36 (KHTML, like Gecko) Chrome/107.0.0.0 Safari/537.36",keep-alive,GET,http,200,localhost,http://localhost:5000/,/,,,b'',"ImmutableMultiDict([('JSESSIONID', 'D9D8BA8466F688DD728744BC82B3B96E'), ('CSRF-TOKEN', '5f0cd5a2-8ecf-4b1a-9889-e5aec52c2bf8'), ('JSESSIONID.1e41f7a9', 'node0y08ape4kn0g11h0pmhupdsc0e0.node0'), ('screenResolution', '2560x1440'), ('JSESSIONID.717c1d40', 'node01my3vb5896k7mebmotiwq9tlv4.node0'), ('session', '.eJwljjtSxDAQRO-i2IFm9BnJZ-AOW_ORwAVrb9naiOLuaCHq7uT1-3a3frbrw63jfLbF3TZzq_MsIiVL55oLeVTNiEilocpslbMgewXIhCVlUcxNI_ciXRIKpNwD1zgz1-KFIhgZt2oiyaxlTh0DBvK1Ett8q8WqxhCsUFQvboo8r3b-24Cfm8do98e43o73bXerX5xeZ7-N47Ptf8aJY6AACgSNWBMkboLA3mK17qkU0PIiH-Ph1kweICzu9bLzvU2E8b7xl_v5Bd4qT-c.Y2S5UA.wuvDn9m31lln96i3_tu4XU0I01w')])",b'',,,0.00400233268737793,,,5000,
2022-11-04T16:38:04.708082+08:00,127.0.0.1,"Mozilla/5.0 (Windows NT 10.0; Win64; x64) AppleWebKit/537.36 (KHTML, like Gecko) Chrome/107.0.0.0 Safari/537.36",keep-alive,GET,http,302,localhost,http://localhost:5000/logout,/logout,,,b'',"ImmutableMultiDict([('JSESSIONID', 'D9D8BA8466F688DD728744BC82B3B96E'), ('CSRF-TOKEN', '5f0cd5a2-8ecf-4b1a-9889-e5aec52c2bf8'), ('JSESSIONID.1e41f7a9', 'node0y08ape4kn0g11h0pmhupdsc0e0.node0'), ('screenResolution', '2560x1440'), ('JSESSIONID.717c1d40', 'node01my3vb5896k7mebmotiwq9tlv4.node0'), ('session', '.eJwljjtSxDAQRO-i2IFm9BnJZ-AOW_ORwAVrb9naiOLuaCHq7uT1-3a3frbrw63jfLbF3TZzq_MsIiVL55oLeVTNiEilocpslbMgewXIhCVlUcxNI_ciXRIKpNwD1zgz1-KFIhgZt2oiyaxlTh0DBvK1Ett8q8WqxhCsUFQvboo8r3b-24Cfm8do98e43o73bXerX5xeZ7-N47Ptf8aJY6AACgSNWBMkboLA3mK17qkU0PIiH-Ph1kweICzu9bLzvU2E8b7xl_v5Bd4qT-c.Y2S5UA.wuvDn9m31lln96i3_tu4XU0I01w')])",b'',http://localhost:5000/,,0.0016064643859863281,,,5000,
2022-11-04T16:38:05.028567+08:00,127.0.0.1,"Mozilla/5.0 (Windows NT 10.0; Win64; x64) AppleWebKit/537.36 (KHTML, like Gecko) Chrome/107.0.0.0 Safari/537.36",keep-alive,GET,http,200,localhost,http://localhost:5000/home,/home,,,b'',"ImmutableMultiDict([('JSESSIONID', 'D9D8BA8466F688DD728744BC82B3B96E'), ('CSRF-TOKEN', '5f0cd5a2-8ecf-4b1a-9889-e5aec52c2bf8'), ('JSESSIONID.1e41f7a9', 'node0y08ape4kn0g11h0pmhupdsc0e0.node0'), ('screenResolution', '2560x1440'), ('JSESSIONID.717c1d40', 'node01my3vb5896k7mebmotiwq9tlv4.node0'), ('session', '.eJwNjUEOgyAQAL9C98yBLVqsb-gHmsaYFRY1VTCCvRj_Xk6Tucyc0PuF0sQJ2s8JIhfAHHwECe94iIl-LAbmIJY4juxEPPINuquTQDnzuuX0iuMcoFUSbNp9n-OXi4KimiptNFo0yIZsjTXxcEdSrno6r0zToG2GMop5g_ZhFKKWcCTeA61cEo7CTAtcfzkXM58.Y2TPbA.zJcZnfZ3KaInIXqIHwsBex5Oac4')])",b'',http://localhost:5000/,,0.0,,,5000,
2022-11-04T16:38:06.453763+08:00,127.0.0.1,"Mozilla/5.0 (Windows NT 10.0; Win64; x64) AppleWebKit/537.36 (KHTML, like Gecko) Chrome/107.0.0.0 Safari/537.36",keep-alive,GET,http,200,localhost,http://localhost:5000/login,/login,,,b'',"ImmutableMultiDict([('JSESSIONID', 'D9D8BA8466F688DD728744BC82B3B96E'), ('CSRF-TOKEN', '5f0cd5a2-8ecf-4b1a-9889-e5aec52c2bf8'), ('JSESSIONID.1e41f7a9', 'node0y08ape4kn0g11h0pmhupdsc0e0.node0'), ('screenResolution', '2560x1440'), ('JSESSIONID.717c1d40', 'node01my3vb5896k7mebmotiwq9tlv4.node0'), ('session', '.eJwNzDESwiAQBdC7_JqClSDIGbxDZgOLZkwgA6RyvLspX_O-mHOT_kbIvHVR4DFkP0Z_1tdaELRC7C3Po37kIjRbnowzFMmROI6WLMtyI9ZpeqSsnfcU_QKFOg6Eu9NERuHs0grvchWJy8obfn-O8iYc.Y2TPbQ.0tuH6OHclGgnSIFY07_x87CBsOY')])",b'',http://localhost:5000/home,,0.0009989738464355469,,,5000,
2022-11-04T16:38:18.151465+08:00,127.0.0.1,"Mozilla/5.0 (Windows NT 10.0; Win64; x64) AppleWebKit/537.36 (KHTML, like Gecko) Chrome/107.0.0.0 Safari/537.36",keep-alive,POST,http,200,localhost,http://localhost:5000/login,/login,application/x-www-form-urlencoded,application/x-www-form-urlencoded,b'',"ImmutableMultiDict([('JSESSIONID', 'D9D8BA8466F688DD728744BC82B3B96E'), ('CSRF-TOKEN', '5f0cd5a2-8ecf-4b1a-9889-e5aec52c2bf8'), ('JSESSIONID.1e41f7a9', 'node0y08ape4kn0g11h0pmhupdsc0e0.node0'), ('screenResolution', '2560x1440'), ('JSESSIONID.717c1d40', 'node01my3vb5896k7mebmotiwq9tlv4.node0'), ('session', '.eJwNzDESwiAQBdC7_JqClSDIGbxDZgOLZkwgA6RyvLspX_O-mHOT_kbIvHVR4DFkP0Z_1tdaELRC7C3Po37kIjRbnowzFMmROI6WLMtyI9ZpeqSsnfcU_QKFOg6Eu9NERuHs0grvchWJy8obfn-O8iYc.Y2TPbQ.0tuH6OHclGgnSIFY07_x87CBsOY')])",b'',http://localhost:5000/login,,0.0009965896606445312,,,5000,
2022-11-04T16:38:20.699408+08:00,127.0.0.1,"Mozilla/5.0 (Windows NT 10.0; Win64; x64) AppleWebKit/537.36 (KHTML, like Gecko) Chrome/107.0.0.0 Safari/537.36",keep-alive,POST,http,200,localhost,http://localhost:5000/login,/login,application/x-www-form-urlencoded,application/x-www-form-urlencoded,b'',"ImmutableMultiDict([('JSESSIONID', 'D9D8BA8466F688DD728744BC82B3B96E'), ('CSRF-TOKEN', '5f0cd5a2-8ecf-4b1a-9889-e5aec52c2bf8'), ('JSESSIONID.1e41f7a9', 'node0y08ape4kn0g11h0pmhupdsc0e0.node0'), ('screenResolution', '2560x1440'), ('JSESSIONID.717c1d40', 'node01my3vb5896k7mebmotiwq9tlv4.node0'), ('session', '.eJwNzDESwiAQBdC7_JqClSDIGbxDZgOLZkwgA6RyvLspX_O-mHOT_kbIvHVR4DFkP0Z_1tdaELRC7C3Po37kIjRbnowzFMmROI6WLMtyI9ZpeqSsnfcU_QKFOg6Eu9NERuHs0grvchWJy8obfn-O8iYc.Y2TPbQ.0tuH6OHclGgnSIFY07_x87CBsOY')])",b'',http://localhost:5000/login,,0.0009713172912597656,,,5000,
2022-11-04T16:38:23.872902+08:00,127.0.0.1,"Mozilla/5.0 (Windows NT 10.0; Win64; x64) AppleWebKit/537.36 (KHTML, like Gecko) Chrome/107.0.0.0 Safari/537.36",keep-alive,POST,http,200,localhost,http://localhost:5000/login,/login,application/x-www-form-urlencoded,application/x-www-form-urlencoded,b'',"ImmutableMultiDict([('JSESSIONID', 'D9D8BA8466F688DD728744BC82B3B96E'), ('CSRF-TOKEN', '5f0cd5a2-8ecf-4b1a-9889-e5aec52c2bf8'), ('JSESSIONID.1e41f7a9', 'node0y08ape4kn0g11h0pmhupdsc0e0.node0'), ('screenResolution', '2560x1440'), ('JSESSIONID.717c1d40', 'node01my3vb5896k7mebmotiwq9tlv4.node0'), ('session', '.eJwNzDESwiAQBdC7_JqClSDIGbxDZgOLZkwgA6RyvLspX_O-mHOT_kbIvHVR4DFkP0Z_1tdaELRC7C3Po37kIjRbnowzFMmROI6WLMtyI9ZpeqSsnfcU_QKFOg6Eu9NERuHs0grvchWJy8obfn-O8iYc.Y2TPbQ.0tuH6OHclGgnSIFY07_x87CBsOY')])",b'',http://localhost:5000/login,,0.0020303726196289062,,,5000,
2022-11-04T16:38:41.845690+08:00,127.0.0.1,"Mozilla/5.0 (Windows NT 10.0; Win64; x64) AppleWebKit/537.36 (KHTML, like Gecko) Chrome/107.0.0.0 Safari/537.36",keep-alive,GET,http,200,localhost,http://localhost:5000/login,/login,,,b'',"ImmutableMultiDict([('JSESSIONID', 'D9D8BA8466F688DD728744BC82B3B96E'), ('CSRF-TOKEN', '5f0cd5a2-8ecf-4b1a-9889-e5aec52c2bf8'), ('JSESSIONID.1e41f7a9', 'node0y08ape4kn0g11h0pmhupdsc0e0.node0'), ('screenResolution', '2560x1440'), ('JSESSIONID.717c1d40', 'node01my3vb5896k7mebmotiwq9tlv4.node0'), ('session', '.eJwNzDESwiAQBdC7_JqClSDIGbxDZgOLZkwgA6RyvLspX_O-mHOT_kbIvHVR4DFkP0Z_1tdaEEgh9pbnUT9yEZotT8YZiuRIHEdLlmW5Ees0PVLWznuKfoFCHQfC3Wkio3B2aYV3uYrEZeUNvz-PTSYd.Y2TPfw.wJHHQUKRc7WryrxZYjSP5d6nOss')])",b'',http://localhost:5000/home,,0.0,,,5000,
2022-11-04T16:39:00.037599+08:00,127.0.0.1,"Mozilla/5.0 (Windows NT 10.0; Win64; x64) AppleWebKit/537.36 (KHTML, like Gecko) Chrome/107.0.0.0 Safari/537.36",keep-alive,POST,http,200,localhost,http://localhost:5000/login,/login,application/x-www-form-urlencoded,application/x-www-form-urlencoded,b'',"ImmutableMultiDict([('JSESSIONID', 'D9D8BA8466F688DD728744BC82B3B96E'), ('CSRF-TOKEN', '5f0cd5a2-8ecf-4b1a-9889-e5aec52c2bf8'), ('JSESSIONID.1e41f7a9', 'node0y08ape4kn0g11h0pmhupdsc0e0.node0'), ('screenResolution', '2560x1440'), ('JSESSIONID.717c1d40', 'node01my3vb5896k7mebmotiwq9tlv4.node0'), ('session', '.eJwNzDESwiAQBdC7_JqClSDIGbxDZgOLZkwgA6RyvLspX_O-mHOT_kbIvHVR4DFkP0Z_1tdaEEgh9pbnUT9yEZotT8YZiuRIHEdLlmW5Ees0PVLWznuKfoFCHQfC3Wkio3B2aYV3uYrEZeUNvz-PTSYd.Y2TPfw.wJHHQUKRc7WryrxZYjSP5d6nOss')])",b'',http://localhost:5000/login,,0.0020008087158203125,,,5000,
2022-11-04T16:42:49.213415+08:00,127.0.0.1,"Mozilla/5.0 (Windows NT 10.0; Win64; x64) AppleWebKit/537.36 (KHTML, like Gecko) Chrome/107.0.0.0 Safari/537.36",keep-alive,POST,http,302,localhost,http://localhost:5000/login,/login,application/x-www-form-urlencoded,application/x-www-form-urlencoded,b'',"ImmutableMultiDict([('JSESSIONID', 'D9D8BA8466F688DD728744BC82B3B96E'), ('CSRF-TOKEN', '5f0cd5a2-8ecf-4b1a-9889-e5aec52c2bf8'), ('JSESSIONID.1e41f7a9', 'node0y08ape4kn0g11h0pmhupdsc0e0.node0'), ('screenResolution', '2560x1440'), ('JSESSIONID.717c1d40', 'node01my3vb5896k7mebmotiwq9tlv4.node0'), ('session', '.eJwNzDESwiAQBdC7_JqCDUGQM3iHzAYWzZhABrByvLspX_O-WHKT_kLIvHdR4DHkOEd_1OdWECaF2FteRn3LRWi2PBtnKJIjcRwtWZZ1ItZpvqesnfcU_QqFOk6Em9NERuHTpRU-5CoSl413_P6PqCYe.Y2TPpA.BcQex36HbZsl4ZTREQD5e9MqErA')])",b'',http://localhost:5000/login,,2.9068479537963867,,,5000,
2022-11-04T16:42:49.260400+08:00,127.0.0.1,"Mozilla/5.0 (Windows NT 10.0; Win64; x64) AppleWebKit/537.36 (KHTML, like Gecko) Chrome/107.0.0.0 Safari/537.36",keep-alive,GET,http,200,localhost,http://localhost:5000/dashboard,/dashboard,,,b'',"ImmutableMultiDict([('JSESSIONID', 'D9D8BA8466F688DD728744BC82B3B96E'), ('CSRF-TOKEN', '5f0cd5a2-8ecf-4b1a-9889-e5aec52c2bf8'), ('JSESSIONID.1e41f7a9', 'node0y08ape4kn0g11h0pmhupdsc0e0.node0'), ('screenResolution', '2560x1440'), ('JSESSIONID.717c1d40', 'node01my3vb5896k7mebmotiwq9tlv4.node0'), ('session', '.eJwtkDtuAzEMRK-isN5C_8-eIV2qIDAMUqIcI_ausdJWhu8eOU41M82bIe9wrBds39xg_rqD6EOg7TlzazDBx8u9ic91F7ixuKynExdxXgS2WXRunTc4PA7T4GzcvmHu284jnQvMIJGIoqeKyccgdc5eax0i60zDJfSkUWalfNDRecrac7ZYI1VympTz1WCyQ32KkoJVJRTkVIhcKezRVW20CTKlgGW0pVhStsaUGGyWNC447o231xozIvbO11tv7-vpvMCsJ8htq8e-_vDyN9ihNcGorILigNkph0xaoSw2lSpDjCrHJ3jtN5iDV9r7CZ4lC155IP5_8vgF-TBoJg.Y2TQiQ.cWRwhu8ZCjUV3TQBGtd35qgGPI8')])",b'',http://localhost:5000/login,,0.03234696388244629,,,5000,
2022-11-04T16:47:21.652238+08:00,127.0.0.1,"Mozilla/5.0 (Windows NT 10.0; Win64; x64) AppleWebKit/537.36 (KHTML, like Gecko) Chrome/107.0.0.0 Safari/537.36",keep-alive,GET,http,200,localhost,http://localhost:5000/login,/login,,,b'',ImmutableMultiDict([]),b'',,,0.0010247230529785156,,,5000,
2022-11-04T16:47:22.503522+08:00,127.0.0.1,"Mozilla/5.0 (Windows NT 10.0; Win64; x64) AppleWebKit/537.36 (KHTML, like Gecko) Chrome/107.0.0.0 Safari/537.36",keep-alive,GET,http,404,localhost,http://localhost:5000/favicon.ico,/favicon.ico,,,b'',"ImmutableMultiDict([('session', 'eyJfZnJlc2giOmZhbHNlLCJjc3JmX3Rva2VuIjoiNDVlYmM1MTc4ZDliZjgxMTI0ZTEwYjU0MDM4MThlNzI5NWUxMjM4MiJ9.Y2TRmQ.XX4e5OQ62BOb2U4QbXqd4rhQMBg')])",b'',http://localhost:5000/login,,0.0,,,5000,
2022-11-04T16:47:25.642801+08:00,127.0.0.1,"Mozilla/5.0 (Windows NT 10.0; Win64; x64) AppleWebKit/537.36 (KHTML, like Gecko) Chrome/107.0.0.0 Safari/537.36",keep-alive,POST,http,200,localhost,http://localhost:5000/login,/login,application/x-www-form-urlencoded,application/x-www-form-urlencoded,b'',"ImmutableMultiDict([('session', 'eyJfZnJlc2giOmZhbHNlLCJjc3JmX3Rva2VuIjoiNDVlYmM1MTc4ZDliZjgxMTI0ZTEwYjU0MDM4MThlNzI5NWUxMjM4MiJ9.Y2TRmQ.XX4e5OQ62BOb2U4QbXqd4rhQMBg')])",b'',http://localhost:5000/login,,0.003000020980834961,,,5000,
2022-11-04T16:48:12.300147+08:00,127.0.0.1,"Mozilla/5.0 (Windows NT 10.0; Win64; x64) AppleWebKit/537.36 (KHTML, like Gecko) Chrome/107.0.0.0 Safari/537.36",keep-alive,GET,http,200,localhost,http://localhost:5000/login,/login,,,b'',ImmutableMultiDict([]),b'',,,0.001987934112548828,,,5000,
2022-11-04T16:48:13.169028+08:00,127.0.0.1,"Mozilla/5.0 (Windows NT 10.0; Win64; x64) AppleWebKit/537.36 (KHTML, like Gecko) Chrome/107.0.0.0 Safari/537.36",keep-alive,GET,http,404,localhost,http://localhost:5000/favicon.ico,/favicon.ico,,,b'',"ImmutableMultiDict([('session', 'eyJfZnJlc2giOmZhbHNlLCJjc3JmX3Rva2VuIjoiM2E5OWE2ZDkxMmRiMWVhM2IwMDFmYjljODhiMTU0OTMwZTgyMTkwZiJ9.Y2TRzA.UZ3JtAT8AhjI6n-neFi7zSyxGT4')])",b'',http://localhost:5000/login,,0.0,,,5000,
2022-11-04T16:48:15.318527+08:00,127.0.0.1,"Mozilla/5.0 (Windows NT 10.0; Win64; x64) AppleWebKit/537.36 (KHTML, like Gecko) Chrome/107.0.0.0 Safari/537.36",keep-alive,POST,http,200,localhost,http://localhost:5000/login,/login,application/x-www-form-urlencoded,application/x-www-form-urlencoded,b'',"ImmutableMultiDict([('session', 'eyJfZnJlc2giOmZhbHNlLCJjc3JmX3Rva2VuIjoiM2E5OWE2ZDkxMmRiMWVhM2IwMDFmYjljODhiMTU0OTMwZTgyMTkwZiJ9.Y2TRzA.UZ3JtAT8AhjI6n-neFi7zSyxGT4')])",b'',http://localhost:5000/login,,0.0030024051666259766,,,5000,
2022-11-04T16:50:18.244782+08:00,127.0.0.1,"Mozilla/5.0 (Windows NT 10.0; Win64; x64) AppleWebKit/537.36 (KHTML, like Gecko) Chrome/107.0.0.0 Safari/537.36",keep-alive,GET,http,200,localhost,http://localhost:5000/login,/login,,,b'',ImmutableMultiDict([]),b'',,,0.0009984970092773438,,,5000,
2022-11-04T16:50:19.060630+08:00,127.0.0.1,"Mozilla/5.0 (Windows NT 10.0; Win64; x64) AppleWebKit/537.36 (KHTML, like Gecko) Chrome/107.0.0.0 Safari/537.36",keep-alive,GET,http,404,localhost,http://localhost:5000/favicon.ico,/favicon.ico,,,b'',"ImmutableMultiDict([('session', 'eyJfZnJlc2giOmZhbHNlLCJjc3JmX3Rva2VuIjoiMTk3ZTZjNzdhNjg2ODQ2YTQ0NmE2NTg2MTU5ODA3NDg1MmQ2YTFmNSJ9.Y2TSSg.zq-D6565jsjaaUfZQRdvhZRrGa4')])",b'',http://localhost:5000/login,,0.0,,,5000,
2022-11-04T16:50:22.202641+08:00,127.0.0.1,"Mozilla/5.0 (Windows NT 10.0; Win64; x64) AppleWebKit/537.36 (KHTML, like Gecko) Chrome/107.0.0.0 Safari/537.36",keep-alive,POST,http,200,localhost,http://localhost:5000/login,/login,application/x-www-form-urlencoded,application/x-www-form-urlencoded,b'',"ImmutableMultiDict([('session', 'eyJfZnJlc2giOmZhbHNlLCJjc3JmX3Rva2VuIjoiMTk3ZTZjNzdhNjg2ODQ2YTQ0NmE2NTg2MTU5ODA3NDg1MmQ2YTFmNSJ9.Y2TSSg.zq-D6565jsjaaUfZQRdvhZRrGa4')])",b'',http://localhost:5000/login,,0.0030264854431152344,,,5000,
2022-11-04T16:50:44.825909+08:00,127.0.0.1,"Mozilla/5.0 (Windows NT 10.0; Win64; x64) AppleWebKit/537.36 (KHTML, like Gecko) Chrome/107.0.0.0 Safari/537.36",keep-alive,GET,http,200,localhost,http://localhost:5000/login,/login,,,b'',ImmutableMultiDict([]),b'',,,0.0009987354278564453,,,5000,
2022-11-04T16:50:45.706457+08:00,127.0.0.1,"Mozilla/5.0 (Windows NT 10.0; Win64; x64) AppleWebKit/537.36 (KHTML, like Gecko) Chrome/107.0.0.0 Safari/537.36",keep-alive,GET,http,404,localhost,http://localhost:5000/favicon.ico,/favicon.ico,,,b'',"ImmutableMultiDict([('session', 'eyJfZnJlc2giOmZhbHNlLCJjc3JmX3Rva2VuIjoiNDY3ZjVkZmIzNWI5NWFjOTY1ZmIxODRmNDVmZGI3NDk4ZjJlNGIyZiJ9.Y2TSZA.I97EwMOGqRDL0Q0qixvcykRDE2w')])",b'',http://localhost:5000/login,,0.0010001659393310547,,,5000,
2022-11-04T16:50:48.836967+08:00,127.0.0.1,"Mozilla/5.0 (Windows NT 10.0; Win64; x64) AppleWebKit/537.36 (KHTML, like Gecko) Chrome/107.0.0.0 Safari/537.36",keep-alive,POST,http,200,localhost,http://localhost:5000/login,/login,application/x-www-form-urlencoded,application/x-www-form-urlencoded,b'',"ImmutableMultiDict([('session', 'eyJfZnJlc2giOmZhbHNlLCJjc3JmX3Rva2VuIjoiNDY3ZjVkZmIzNWI5NWFjOTY1ZmIxODRmNDVmZGI3NDk4ZjJlNGIyZiJ9.Y2TSZA.I97EwMOGqRDL0Q0qixvcykRDE2w')])",b'',http://localhost:5000/login,,0.002020120620727539,,,5000,
2022-11-04T16:52:48.495591+08:00,127.0.0.1,"Mozilla/5.0 (Windows NT 10.0; Win64; x64) AppleWebKit/537.36 (KHTML, like Gecko) Chrome/107.0.0.0 Safari/537.36",keep-alive,GET,http,302,localhost,http://localhost:5000/logout,/logout,,,b'',"ImmutableMultiDict([('JSESSIONID', 'D9D8BA8466F688DD728744BC82B3B96E'), ('CSRF-TOKEN', '5f0cd5a2-8ecf-4b1a-9889-e5aec52c2bf8'), ('JSESSIONID.1e41f7a9', 'node0y08ape4kn0g11h0pmhupdsc0e0.node0'), ('screenResolution', '2560x1440'), ('JSESSIONID.717c1d40', 'node01my3vb5896k7mebmotiwq9tlv4.node0'), ('session', '.eJwljkFyxCAMBP_C2QcQIIHfkD-4JCGSrdTaWzZ72srfwyanmbn09Mtt_bTry63jfNritltzq_MsIgWlc8VCHlQRAKgYqMxWGQXYawhIUDKKApom7kW6ZJCQsUeuaSbW4oVSaNTYahPJrRly7hAhkq-VuM23WlrVFGMrlNSLmyLPy85_mzgnj2H3x7g-js_b7lZYnF5n38bxbfufcOYUKQYNFIxYc8hsAoF9S7V1T6UELW_wMR5uJQyAuLj3yc53m4hh17DT_fwCniFP8w.Y2TQiQ.X2rWbVrhm9SN0Leq35CnQcR5wJU')])",b'',http://localhost:5000/dashboard,,0.0020020008087158203,,,5000,
2022-11-04T16:52:48.744196+08:00,127.0.0.1,"Mozilla/5.0 (Windows NT 10.0; Win64; x64) AppleWebKit/537.36 (KHTML, like Gecko) Chrome/107.0.0.0 Safari/537.36",keep-alive,GET,http,200,localhost,http://localhost:5000/home,/home,,,b'',"ImmutableMultiDict([('JSESSIONID', 'D9D8BA8466F688DD728744BC82B3B96E'), ('CSRF-TOKEN', '5f0cd5a2-8ecf-4b1a-9889-e5aec52c2bf8'), ('JSESSIONID.1e41f7a9', 'node0y08ape4kn0g11h0pmhupdsc0e0.node0'), ('screenResolution', '2560x1440'), ('JSESSIONID.717c1d40', 'node01my3vb5896k7mebmotiwq9tlv4.node0'), ('session', '.eJwNjTkOgzAQAL_ibO0Cc5nwhnwgihBazBpQwIvwkgbx97gaTTNzQe9XjDNFaD8XKEmAJXgGDW8-1Yw_UgNRUCtPE42KT3lAd3caUIS2XeKLpyVAm2tw8fC98JeSQoYVloUtjDPWkEVXmQppyA1mY_kcfWabxrhmSCOWHVpbm7yuNZyRjoAbpYRQFDrg_gM7xzPZ.Y2TS4A.7YmHCJ6ZvERGhEMW3cvO0saiybU')])",b'',http://localhost:5000/dashboard,,0.0,,,5000,
2022-11-04T16:52:51.492481+08:00,127.0.0.1,"Mozilla/5.0 (Windows NT 10.0; Win64; x64) AppleWebKit/537.36 (KHTML, like Gecko) Chrome/107.0.0.0 Safari/537.36",keep-alive,GET,http,200,localhost,http://localhost:5000/login,/login,,,b'',"ImmutableMultiDict([('JSESSIONID', 'D9D8BA8466F688DD728744BC82B3B96E'), ('CSRF-TOKEN', '5f0cd5a2-8ecf-4b1a-9889-e5aec52c2bf8'), ('JSESSIONID.1e41f7a9', 'node0y08ape4kn0g11h0pmhupdsc0e0.node0'), ('screenResolution', '2560x1440'), ('JSESSIONID.717c1d40', 'node01my3vb5896k7mebmotiwq9tlv4.node0'), ('session', '.eJwNzLsRgzAMANBdVLuwDP7EM2QHThiZ5BIwZ4kql92hfM37wVQ7ywtypa-wAVLl7VB5tvW9Q3YGivQ6afvwTbDkaRzigAUjcqTi0RPPDsku42OpNqaEJc1goOkBOQZ0IRg4hftOG9-Fsih3-F-RoiZW.Y2TS4A.kQMNR55YJ1Gusm0fxHXWeam3zZI')])",b'',http://localhost:5000/home,,0.0009989738464355469,,,5000,
2022-11-04T16:52:56.989769+08:00,127.0.0.1,"Mozilla/5.0 (Windows NT 10.0; Win64; x64) AppleWebKit/537.36 (KHTML, like Gecko) Chrome/107.0.0.0 Safari/537.36",keep-alive,POST,http,200,localhost,http://localhost:5000/login,/login,application/x-www-form-urlencoded,application/x-www-form-urlencoded,b'',"ImmutableMultiDict([('JSESSIONID', 'D9D8BA8466F688DD728744BC82B3B96E'), ('CSRF-TOKEN', '5f0cd5a2-8ecf-4b1a-9889-e5aec52c2bf8'), ('JSESSIONID.1e41f7a9', 'node0y08ape4kn0g11h0pmhupdsc0e0.node0'), ('screenResolution', '2560x1440'), ('JSESSIONID.717c1d40', 'node01my3vb5896k7mebmotiwq9tlv4.node0'), ('session', '.eJwNzLsRgzAMANBdVLuwDP7EM2QHThiZ5BIwZ4kql92hfM37wVQ7ywtypa-wAVLl7VB5tvW9Q3YGivQ6afvwTbDkaRzigAUjcqTi0RPPDsku42OpNqaEJc1goOkBOQZ0IRg4hftOG9-Fsih3-F-RoiZW.Y2TS4A.kQMNR55YJ1Gusm0fxHXWeam3zZI')])",b'',http://localhost:5000/login,,0.002312898635864258,,,5000,
2022-11-04T16:53:04.486635+08:00,127.0.0.1,"Mozilla/5.0 (Windows NT 10.0; Win64; x64) AppleWebKit/537.36 (KHTML, like Gecko) Chrome/107.0.0.0 Safari/537.36",keep-alive,POST,http,200,localhost,http://localhost:5000/login,/login,application/x-www-form-urlencoded,application/x-www-form-urlencoded,b'',"ImmutableMultiDict([('JSESSIONID', 'D9D8BA8466F688DD728744BC82B3B96E'), ('CSRF-TOKEN', '5f0cd5a2-8ecf-4b1a-9889-e5aec52c2bf8'), ('JSESSIONID.1e41f7a9', 'node0y08ape4kn0g11h0pmhupdsc0e0.node0'), ('screenResolution', '2560x1440'), ('JSESSIONID.717c1d40', 'node01my3vb5896k7mebmotiwq9tlv4.node0'), ('session', '.eJwNzLsRgzAMANBdVLuwDP7EM2QHThiZ5BIwZ4kql92hfM37wVQ7ywtypa-wAVLl7VB5tvW9Q3YGivQ6afvwTbDkaRzigAUjcqTi0RPPDsku42OpNqaEJc1goOkBOQZ0IRg4hftOG9-Fsih3-F-RoiZW.Y2TS4A.kQMNR55YJ1Gusm0fxHXWeam3zZI')])",b'',http://localhost:5000/login,,0.0010242462158203125,,,5000,
2022-11-04T16:53:20.330929+08:00,127.0.0.1,"Mozilla/5.0 (Windows NT 10.0; Win64; x64) AppleWebKit/537.36 (KHTML, like Gecko) Chrome/107.0.0.0 Safari/537.36",keep-alive,POST,http,200,localhost,http://localhost:5000/login,/login,application/x-www-form-urlencoded,application/x-www-form-urlencoded,b'',"ImmutableMultiDict([('JSESSIONID', 'D9D8BA8466F688DD728744BC82B3B96E'), ('CSRF-TOKEN', '5f0cd5a2-8ecf-4b1a-9889-e5aec52c2bf8'), ('JSESSIONID.1e41f7a9', 'node0y08ape4kn0g11h0pmhupdsc0e0.node0'), ('screenResolution', '2560x1440'), ('JSESSIONID.717c1d40', 'node01my3vb5896k7mebmotiwq9tlv4.node0'), ('session', '.eJwNzLsRgzAMANBdVLuwDP7EM2QHThiZ5BIwZ4kql92hfM37wVQ7ywtypa-wAVLl7VB5tvW9Q3YGivQ6afvwTbDkaRzigAUjcqTi0RPPDsku42OpNqaEJc1goOkBOQZ0IRg4hftOG9-Fsih3-F-RoiZW.Y2TS4A.kQMNR55YJ1Gusm0fxHXWeam3zZI')])",b'',http://localhost:5000/login,,0.00099945068359375,,,5000,
2022-11-04T16:53:42.552242+08:00,127.0.0.1,"Mozilla/5.0 (Windows NT 10.0; Win64; x64) AppleWebKit/537.36 (KHTML, like Gecko) Chrome/107.0.0.0 Safari/537.36",keep-alive,POST,http,200,localhost,http://localhost:5000/login,/login,application/x-www-form-urlencoded,application/x-www-form-urlencoded,b'',"ImmutableMultiDict([('JSESSIONID', 'D9D8BA8466F688DD728744BC82B3B96E'), ('CSRF-TOKEN', '5f0cd5a2-8ecf-4b1a-9889-e5aec52c2bf8'), ('JSESSIONID.1e41f7a9', 'node0y08ape4kn0g11h0pmhupdsc0e0.node0'), ('screenResolution', '2560x1440'), ('JSESSIONID.717c1d40', 'node01my3vb5896k7mebmotiwq9tlv4.node0'), ('session', '.eJwNzLsRgzAMANBdVLuwDP7EM2QHThiZ5BIwZ4kql92hfM37wVQ7ywtypa-wAVLl7VB5tvW9Q3YGivQ6afvwTbDkaRzigAUjcqTi0RPPDsku42OpNqaEJc1goOkBOQZ0IRg4hftOG9-Fsih3-F-RoiZW.Y2TS4A.kQMNR55YJ1Gusm0fxHXWeam3zZI')])",b'',http://localhost:5000/login,,0.002001047134399414,,,5000,
2022-11-04T16:53:47.156628+08:00,127.0.0.1,"Mozilla/5.0 (Windows NT 10.0; Win64; x64) AppleWebKit/537.36 (KHTML, like Gecko) Chrome/107.0.0.0 Safari/537.36",keep-alive,POST,http,200,localhost,http://localhost:5000/login,/login,application/x-www-form-urlencoded,application/x-www-form-urlencoded,b'',"ImmutableMultiDict([('JSESSIONID', 'D9D8BA8466F688DD728744BC82B3B96E'), ('CSRF-TOKEN', '5f0cd5a2-8ecf-4b1a-9889-e5aec52c2bf8'), ('JSESSIONID.1e41f7a9', 'node0y08ape4kn0g11h0pmhupdsc0e0.node0'), ('screenResolution', '2560x1440'), ('JSESSIONID.717c1d40', 'node01my3vb5896k7mebmotiwq9tlv4.node0'), ('session', '.eJwNzLsRgzAMANBdVLuwMP7EM2QHThiZ5BIwZ4kql92hfM37wVQ7ywtypa-wAVLl7VB5tvW9Q3YGivQ6afvwTbDkaXTRYcGIHKl49MTzgGSX8bFUG1PCkmYw0PSAHAMOIRg4hftOG9-Fsih3-F-R_SZX.Y2TTFg.eqQvKU3smTBjirI1b5J-9Xk2ip8')])",b'',http://localhost:5000/login,,0.0010001659393310547,,,5000,
2022-11-04T16:54:03.089616+08:00,127.0.0.1,"Mozilla/5.0 (Windows NT 10.0; Win64; x64) AppleWebKit/537.36 (KHTML, like Gecko) Chrome/107.0.0.0 Safari/537.36",keep-alive,POST,http,200,localhost,http://localhost:5000/login,/login,application/x-www-form-urlencoded,application/x-www-form-urlencoded,b'',"ImmutableMultiDict([('JSESSIONID', 'D9D8BA8466F688DD728744BC82B3B96E'), ('CSRF-TOKEN', '5f0cd5a2-8ecf-4b1a-9889-e5aec52c2bf8'), ('JSESSIONID.1e41f7a9', 'node0y08ape4kn0g11h0pmhupdsc0e0.node0'), ('screenResolution', '2560x1440'), ('JSESSIONID.717c1d40', 'node01my3vb5896k7mebmotiwq9tlv4.node0'), ('session', '.eJwNzLsRgzAMANBdVLuwMP7EM2QHThiZ5BIwZ4kql92hfM37wVQ7ywtypa-wAVLl7VB5tvW9Q3YGivQ6afvwTbDkaXTRYcGIHKl49MTzgGSX8bFUG1PCkmYw0PSAHAMOIRg4hftOG9-Fsih3-F-R_SZX.Y2TTFg.eqQvKU3smTBjirI1b5J-9Xk2ip8')])",b'',http://localhost:5000/login,,0.0010223388671875,,,5000,
2022-11-04T16:54:06.719351+08:00,127.0.0.1,"Mozilla/5.0 (Windows NT 10.0; Win64; x64) AppleWebKit/537.36 (KHTML, like Gecko) Chrome/107.0.0.0 Safari/537.36",keep-alive,POST,http,200,localhost,http://localhost:5000/login,/login,application/x-www-form-urlencoded,application/x-www-form-urlencoded,b'',"ImmutableMultiDict([('JSESSIONID', 'D9D8BA8466F688DD728744BC82B3B96E'), ('CSRF-TOKEN', '5f0cd5a2-8ecf-4b1a-9889-e5aec52c2bf8'), ('JSESSIONID.1e41f7a9', 'node0y08ape4kn0g11h0pmhupdsc0e0.node0'), ('screenResolution', '2560x1440'), ('JSESSIONID.717c1d40', 'node01my3vb5896k7mebmotiwq9tlv4.node0'), ('session', '.eJwNzLsRgzAMANBdVLuwMP7EM2QHThiZ5BIwZ4kql92hfM37wVQ7ywtypa-wAVLl7VB5tvW9Q3YGivQ6afvwTbDkaXTRYcGIHKl49MTzgGSX8bFUG1PCkmYw0PSAHAMOIRg4hftOG9-Fsih3-F-R_SZX.Y2TTFg.eqQvKU3smTBjirI1b5J-9Xk2ip8')])",b'',http://localhost:5000/login,,0.00102996826171875,,,5000,
2022-11-04T16:54:09.878953+08:00,127.0.0.1,"Mozilla/5.0 (Windows NT 10.0; Win64; x64) AppleWebKit/537.36 (KHTML, like Gecko) Chrome/107.0.0.0 Safari/537.36",keep-alive,POST,http,200,localhost,http://localhost:5000/login,/login,application/x-www-form-urlencoded,application/x-www-form-urlencoded,b'',"ImmutableMultiDict([('JSESSIONID', 'D9D8BA8466F688DD728744BC82B3B96E'), ('CSRF-TOKEN', '5f0cd5a2-8ecf-4b1a-9889-e5aec52c2bf8'), ('JSESSIONID.1e41f7a9', 'node0y08ape4kn0g11h0pmhupdsc0e0.node0'), ('screenResolution', '2560x1440'), ('JSESSIONID.717c1d40', 'node01my3vb5896k7mebmotiwq9tlv4.node0'), ('session', '.eJwNzLsRgzAMANBdVLuwMP7EM2QHThiZ5BIwZ4kql92hfM37wVQ7ywtypa-wAVLl7VB5tvW9Q3YGivQ6afvwTbDkaXTRYcGIHKl49MTzgGSX8bFUG1PCkmYw0PSAHAMOIRg4hftOG9-Fsih3-F-R_SZX.Y2TTFg.eqQvKU3smTBjirI1b5J-9Xk2ip8')])",b'',http://localhost:5000/login,,0.002361297607421875,,,5000,
2022-11-04T16:58:07.567654+08:00,127.0.0.1,"Mozilla/5.0 (Windows NT 10.0; Win64; x64) AppleWebKit/537.36 (KHTML, like Gecko) Chrome/107.0.0.0 Safari/537.36",keep-alive,GET,http,200,localhost,http://localhost:5000/register,/register,,,b'',"ImmutableMultiDict([('JSESSIONID', 'D9D8BA8466F688DD728744BC82B3B96E'), ('CSRF-TOKEN', '5f0cd5a2-8ecf-4b1a-9889-e5aec52c2bf8'), ('JSESSIONID.1e41f7a9', 'node0y08ape4kn0g11h0pmhupdsc0e0.node0'), ('screenResolution', '2560x1440'), ('JSESSIONID.717c1d40', 'node01my3vb5896k7mebmotiwq9tlv4.node0'), ('session', '.eJwNzLsRgzAMANBdVLuwwL94huzACSOTXALmLFHlsjuUr3k_mGpneUGu9BU2QKq8HSrPtr53yM5AkV4nbR--CZY8uTGOWDAiRyoePfE8INnFPZZqY0pY0gwGmh6QY8AhBAOncN9p47tQFuUO_wuSWCZY.Y2TTMQ.5kJ8kcUvlRKSUhoVASxyS6B-BQk')])",b'',http://localhost:5000/login,,0.008008241653442383,,,5000,
2022-11-04T17:03:14.610535+08:00,127.0.0.1,"Mozilla/5.0 (Windows NT 10.0; Win64; x64) AppleWebKit/537.36 (KHTML, like Gecko) Chrome/107.0.0.0 Safari/537.36",keep-alive,GET,http,200,localhost,http://localhost:5000/login,/login,,,b'',"ImmutableMultiDict([('JSESSIONID', 'D9D8BA8466F688DD728744BC82B3B96E'), ('CSRF-TOKEN', '5f0cd5a2-8ecf-4b1a-9889-e5aec52c2bf8'), ('JSESSIONID.1e41f7a9', 'node0y08ape4kn0g11h0pmhupdsc0e0.node0'), ('screenResolution', '2560x1440'), ('JSESSIONID.717c1d40', 'node01my3vb5896k7mebmotiwq9tlv4.node0'), ('session', '.eJwNzLsRgzAMANBdVLuwwL94huzACSOTXALmLFHlsjuUr3k_mGpneUGu9BU2QKq8HSrPtr53yM5AkV4nbR--CZY8uTGOWDAiRyoePfE8INnFPZZqY0pY0gwGmh6QY8AhBAOncN9p47tQFuUO_wuSWCZY.Y2TTMQ.5kJ8kcUvlRKSUhoVASxyS6B-BQk')])",b'',http://localhost:5000/register,,0.0009794235229492188,,,5000,
2022-11-04T17:03:20.018619+08:00,127.0.0.1,"Mozilla/5.0 (Windows NT 10.0; Win64; x64) AppleWebKit/537.36 (KHTML, like Gecko) Chrome/107.0.0.0 Safari/537.36",keep-alive,POST,http,200,localhost,http://localhost:5000/login,/login,application/x-www-form-urlencoded,application/x-www-form-urlencoded,b'',"ImmutableMultiDict([('JSESSIONID', 'D9D8BA8466F688DD728744BC82B3B96E'), ('CSRF-TOKEN', '5f0cd5a2-8ecf-4b1a-9889-e5aec52c2bf8'), ('JSESSIONID.1e41f7a9', 'node0y08ape4kn0g11h0pmhupdsc0e0.node0'), ('screenResolution', '2560x1440'), ('JSESSIONID.717c1d40', 'node01my3vb5896k7mebmotiwq9tlv4.node0'), ('session', '.eJwNzLsRgzAMANBdVLuwwL94huzACSOTXALmLFHlsjuUr3k_mGpneUGu9BU2QKq8HSrPtr53yM5AkV4nbR--CZY8uTGOWDAiRyoePfE8INnFPZZqY0pY0gwGmh6QY8AhBAOncN9p47tQFuUO_wuSWCZY.Y2TTMQ.5kJ8kcUvlRKSUhoVASxyS6B-BQk')])",b'',http://localhost:5000/login,,0.0009987354278564453,,,5000,
2022-11-04T17:03:25.662935+08:00,127.0.0.1,"Mozilla/5.0 (Windows NT 10.0; Win64; x64) AppleWebKit/537.36 (KHTML, like Gecko) Chrome/107.0.0.0 Safari/537.36",keep-alive,POST,http,200,localhost,http://localhost:5000/login,/login,application/x-www-form-urlencoded,application/x-www-form-urlencoded,b'',"ImmutableMultiDict([('JSESSIONID', 'D9D8BA8466F688DD728744BC82B3B96E'), ('CSRF-TOKEN', '5f0cd5a2-8ecf-4b1a-9889-e5aec52c2bf8'), ('JSESSIONID.1e41f7a9', 'node0y08ape4kn0g11h0pmhupdsc0e0.node0'), ('screenResolution', '2560x1440'), ('JSESSIONID.717c1d40', 'node01my3vb5896k7mebmotiwq9tlv4.node0'), ('session', '.eJwNzLsRgzAMANBdVLuwwL94huzACSOTXALmLFHlsjuUr3k_mGpneUGu9BU2QKq8HSrPtr53yM5AkV4nbR--CZY8uTGOWDAiRyoePfE8INnFPZZqY0pY0gwGmh6QY8AhBAOncN9p47tQFuUO_wuSWCZY.Y2TTMQ.5kJ8kcUvlRKSUhoVASxyS6B-BQk')])",b'',http://localhost:5000/login,,0.19134116172790527,,,5000,
2022-11-04T17:03:28.222429+08:00,127.0.0.1,"Mozilla/5.0 (Windows NT 10.0; Win64; x64) AppleWebKit/537.36 (KHTML, like Gecko) Chrome/107.0.0.0 Safari/537.36",keep-alive,POST,http,200,localhost,http://localhost:5000/login,/login,application/x-www-form-urlencoded,application/x-www-form-urlencoded,b'',"ImmutableMultiDict([('JSESSIONID', 'D9D8BA8466F688DD728744BC82B3B96E'), ('CSRF-TOKEN', '5f0cd5a2-8ecf-4b1a-9889-e5aec52c2bf8'), ('JSESSIONID.1e41f7a9', 'node0y08ape4kn0g11h0pmhupdsc0e0.node0'), ('screenResolution', '2560x1440'), ('JSESSIONID.717c1d40', 'node01my3vb5896k7mebmotiwq9tlv4.node0'), ('session', '.eJwNzEESgyAMAMC_5MyBqBDKG_oHJ2JoO63ikHjq9O_1uJf9wly76BNy5Y-KAzaT7TC9t8drhxwcFO11tvaWi-A58DTSiAUJhbgEDCzLgOzX6bZWTylhSQs4aHZApohDjA5Olb7zJldhoiYdfn-SsyZZ.Y2TVXQ.29wB-3ZwfGb2hBZqGHZb8XNL868')])",b'',http://localhost:5000/login,,0.001001119613647461,,,5000,
2022-11-04T17:15:26.844640+08:00,127.0.0.1,"Mozilla/5.0 (Windows NT 10.0; Win64; x64) AppleWebKit/537.36 (KHTML, like Gecko) Chrome/107.0.0.0 Safari/537.36",keep-alive,GET,http,200,localhost,http://localhost:5000/register,/register,,,b'',"ImmutableMultiDict([('JSESSIONID', 'D9D8BA8466F688DD728744BC82B3B96E'), ('CSRF-TOKEN', '5f0cd5a2-8ecf-4b1a-9889-e5aec52c2bf8'), ('JSESSIONID.1e41f7a9', 'node0y08ape4kn0g11h0pmhupdsc0e0.node0'), ('screenResolution', '2560x1440'), ('JSESSIONID.717c1d40', 'node01my3vb5896k7mebmotiwq9tlv4.node0'), ('session', '.eJwNzEESgyAMAMC_5MyBqBDKG_oHJ2JoO63ikHjq9O_1uJf9wly76BNy5Y-KAzaT7TC9t8drhxwcFO11tvaWi-A58DTSiAUJhbgEDCzLgOzX6bZWTylhSQs4aHZApohDjA5Olb7zJldhoiYdfn-SsyZZ.Y2TVXQ.29wB-3ZwfGb2hBZqGHZb8XNL868')])",b'',http://localhost:5000/login,,0.001001119613647461,,,5000,
2022-11-04T17:16:22.587609+08:00,127.0.0.1,"Mozilla/5.0 (Windows NT 10.0; Win64; x64) AppleWebKit/537.36 (KHTML, like Gecko) Chrome/107.0.0.0 Safari/537.36",keep-alive,POST,http,200,localhost,http://localhost:5000/register,/register,application/x-www-form-urlencoded,application/x-www-form-urlencoded,b'',"ImmutableMultiDict([('JSESSIONID', 'D9D8BA8466F688DD728744BC82B3B96E'), ('CSRF-TOKEN', '5f0cd5a2-8ecf-4b1a-9889-e5aec52c2bf8'), ('JSESSIONID.1e41f7a9', 'node0y08ape4kn0g11h0pmhupdsc0e0.node0'), ('screenResolution', '2560x1440'), ('JSESSIONID.717c1d40', 'node01my3vb5896k7mebmotiwq9tlv4.node0'), ('session', '.eJwNzEESgyAMAMC_5MyBqBDKG_oHJ2JoO63ikHjq9O_1uJf9wly76BNy5Y-KAzaT7TC9t8drhxwcFO11tvaWi-A58DTSiAUJhbgEDCzLgOzX6bZWTylhSQs4aHZApohDjA5Olb7zJldhoiYdfn-SsyZZ.Y2TVXQ.29wB-3ZwfGb2hBZqGHZb8XNL868')])",b'',http://localhost:5000/register,,0.004001140594482422,,,5000,
2022-11-04T17:19:18.149767+08:00,127.0.0.1,"Mozilla/5.0 (Windows NT 10.0; Win64; x64) AppleWebKit/537.36 (KHTML, like Gecko) Chrome/107.0.0.0 Safari/537.36",keep-alive,GET,http,200,localhost,http://localhost:5000/login,/login,,,b'',ImmutableMultiDict([]),b'',,,0.0009999275207519531,,,5000,
2022-11-04T17:19:19.056841+08:00,127.0.0.1,"Mozilla/5.0 (Windows NT 10.0; Win64; x64) AppleWebKit/537.36 (KHTML, like Gecko) Chrome/107.0.0.0 Safari/537.36",keep-alive,GET,http,404,localhost,http://localhost:5000/favicon.ico,/favicon.ico,,,b'',"ImmutableMultiDict([('session', 'eyJfZnJlc2giOmZhbHNlLCJjc3JmX3Rva2VuIjoiM2JhMTFlZjgzY2YyMGE1Zjg4N2I5ODNiNzY0NjllMGE1ZDAxNGMxOSJ9.Y2TZFg.RwxvaqNO0TM3KKlMkfOu0FJ6ki8')])",b'',http://localhost:5000/login,,0.0009996891021728516,,,5000,
2022-11-04T17:19:22.200016+08:00,127.0.0.1,"Mozilla/5.0 (Windows NT 10.0; Win64; x64) AppleWebKit/537.36 (KHTML, like Gecko) Chrome/107.0.0.0 Safari/537.36",keep-alive,POST,http,200,localhost,http://localhost:5000/login,/login,application/x-www-form-urlencoded,application/x-www-form-urlencoded,b'',"ImmutableMultiDict([('session', 'eyJfZnJlc2giOmZhbHNlLCJjc3JmX3Rva2VuIjoiM2JhMTFlZjgzY2YyMGE1Zjg4N2I5ODNiNzY0NjllMGE1ZDAxNGMxOSJ9.Y2TZFg.RwxvaqNO0TM3KKlMkfOu0FJ6ki8')])",b'',http://localhost:5000/login,,0.001994609832763672,,,5000,
2022-11-04T17:19:42.493802+08:00,127.0.0.1,"Mozilla/5.0 (Windows NT 10.0; Win64; x64) AppleWebKit/537.36 (KHTML, like Gecko) Chrome/107.0.0.0 Safari/537.36",keep-alive,GET,http,200,localhost,http://localhost:5000/login,/login,,,b'',ImmutableMultiDict([]),b'',,,0.001001596450805664,,,5000,
2022-11-04T17:19:43.455589+08:00,127.0.0.1,"Mozilla/5.0 (Windows NT 10.0; Win64; x64) AppleWebKit/537.36 (KHTML, like Gecko) Chrome/107.0.0.0 Safari/537.36",keep-alive,GET,http,404,localhost,http://localhost:5000/favicon.ico,/favicon.ico,,,b'',"ImmutableMultiDict([('session', 'eyJfZnJlc2giOmZhbHNlLCJjc3JmX3Rva2VuIjoiMTdhZjNiYzY4MmE3NDEzZDZkNDYyZTIyYjUyNmEyNmRlNGZhYmZiNCJ9.Y2TZLg.Ma1VdmNIoJ8Mqu_pxQSL8-pLLpQ')])",b'',http://localhost:5000/login,,0.0,,,5000,
2022-11-04T17:19:46.784796+08:00,127.0.0.1,"Mozilla/5.0 (Windows NT 10.0; Win64; x64) AppleWebKit/537.36 (KHTML, like Gecko) Chrome/107.0.0.0 Safari/537.36",keep-alive,POST,http,200,localhost,http://localhost:5000/login,/login,application/x-www-form-urlencoded,application/x-www-form-urlencoded,b'',"ImmutableMultiDict([('session', 'eyJfZnJlc2giOmZhbHNlLCJjc3JmX3Rva2VuIjoiMTdhZjNiYzY4MmE3NDEzZDZkNDYyZTIyYjUyNmEyNmRlNGZhYmZiNCJ9.Y2TZLg.Ma1VdmNIoJ8Mqu_pxQSL8-pLLpQ')])",b'',http://localhost:5000/login,,0.19234561920166016,,,5000,
2022-11-04T17:20:09.226885+08:00,127.0.0.1,"Mozilla/5.0 (Windows NT 10.0; Win64; x64) AppleWebKit/537.36 (KHTML, like Gecko) Chrome/107.0.0.0 Safari/537.36",keep-alive,GET,http,200,localhost,http://localhost:5000/register,/register,,,b'',ImmutableMultiDict([]),b'',,,0.0009975433349609375,,,5000,
2022-11-04T17:20:10.102085+08:00,127.0.0.1,"Mozilla/5.0 (Windows NT 10.0; Win64; x64) AppleWebKit/537.36 (KHTML, like Gecko) Chrome/107.0.0.0 Safari/537.36",keep-alive,GET,http,404,localhost,http://localhost:5000/favicon.ico,/favicon.ico,,,b'',"ImmutableMultiDict([('session', 'eyJfZnJlc2giOmZhbHNlLCJjc3JmX3Rva2VuIjoiMDMwYTI0NTc0MzQ1YTY5OGViYzAxNTIwN2RkY2Y4MGZlMmMzMTE0MCJ9.Y2TZSQ.4vKSDiibT0VEGrzc-0FJUv7ikes')])",b'',http://localhost:5000/register,,0.0010039806365966797,,,5000,
2022-11-04T17:20:12.343472+08:00,127.0.0.1,"Mozilla/5.0 (Windows NT 10.0; Win64; x64) AppleWebKit/537.36 (KHTML, like Gecko) Chrome/107.0.0.0 Safari/537.36",keep-alive,POST,http,200,localhost,http://localhost:5000/register,/register,application/x-www-form-urlencoded,application/x-www-form-urlencoded,b'',"ImmutableMultiDict([('session', 'eyJfZnJlc2giOmZhbHNlLCJjc3JmX3Rva2VuIjoiMDMwYTI0NTc0MzQ1YTY5OGViYzAxNTIwN2RkY2Y4MGZlMmMzMTE0MCJ9.Y2TZSQ.4vKSDiibT0VEGrzc-0FJUv7ikes')])",b'',http://localhost:5000/register,,0.003999948501586914,,,5000,
2022-11-04T17:21:41.006645+08:00,127.0.0.1,"Mozilla/5.0 (Windows NT 10.0; Win64; x64) AppleWebKit/537.36 (KHTML, like Gecko) Chrome/107.0.0.0 Safari/537.36",keep-alive,GET,http,302,localhost,http://localhost:5000/dashboard,/dashboard,,,b'',"ImmutableMultiDict([('JSESSIONID', 'D9D8BA8466F688DD728744BC82B3B96E'), ('CSRF-TOKEN', '5f0cd5a2-8ecf-4b1a-9889-e5aec52c2bf8'), ('JSESSIONID.1e41f7a9', 'node0y08ape4kn0g11h0pmhupdsc0e0.node0'), ('screenResolution', '2560x1440'), ('JSESSIONID.717c1d40', 'node01my3vb5896k7mebmotiwq9tlv4.node0'), ('session', '.eJwNzEESgyAMAMC_5MyBqBDKG_oHJ2JoO63ikHjq9O_1uJf9wly76BNy5Y-KAzaT7TC9t8drhxwcFO11tvaWi-A58DTSiAUJhbgEDCzLgOzX6bZWTylhSQs4aHZApohDjA5Olb7zJldhoiYdfn-SsyZZ.Y2TVXQ.29wB-3ZwfGb2hBZqGHZb8XNL868')])",b'',http://localhost:5000/register,,0.001024484634399414,,,5000,
2022-11-04T17:21:41.278717+08:00,127.0.0.1,"Mozilla/5.0 (Windows NT 10.0; Win64; x64) AppleWebKit/537.36 (KHTML, like Gecko) Chrome/107.0.0.0 Safari/537.36",keep-alive,GET,http,200,localhost,http://localhost:5000/login?next=%2Fdashboard,/login,,,b'next=%2Fdashboard',"ImmutableMultiDict([('JSESSIONID', 'D9D8BA8466F688DD728744BC82B3B96E'), ('CSRF-TOKEN', '5f0cd5a2-8ecf-4b1a-9889-e5aec52c2bf8'), ('JSESSIONID.1e41f7a9', 'node0y08ape4kn0g11h0pmhupdsc0e0.node0'), ('screenResolution', '2560x1440'), ('JSESSIONID.717c1d40', 'node01my3vb5896k7mebmotiwq9tlv4.node0'), ('session', '.eJwNjrsOgzAMAH8l8hxVhFco39Che4WQCQ5EhQRhd0L8ezOdbjndBaPfkFdi6D8XKMmAEH0CDe-NkEltaVEhKkkKnSNmJWtgdeBCDxjuQefCSbxC73Fj0oAitB_Cr7SECH2jwfHpR0lfygoFNlhXtjLOWEMWXWMapKk0WMz1c_aF7TrjuikPJDmgt60p21bDj-mMuFNOCLHQCfcf7Gk8LQ.Y2TZpQ.8okwUnaa4vjEuyf_jsKvMFeX0go')])",b'',http://localhost:5000/register,,0.00462794303894043,,,5000,
2022-11-04T17:21:43.036512+08:00,127.0.0.1,"Mozilla/5.0 (Windows NT 10.0; Win64; x64) AppleWebKit/537.36 (KHTML, like Gecko) Chrome/107.0.0.0 Safari/537.36",keep-alive,GET,http,200,localhost,http://localhost:5000/reset_email,/reset_email,,,b'',"ImmutableMultiDict([('JSESSIONID', 'D9D8BA8466F688DD728744BC82B3B96E'), ('CSRF-TOKEN', '5f0cd5a2-8ecf-4b1a-9889-e5aec52c2bf8'), ('JSESSIONID.1e41f7a9', 'node0y08ape4kn0g11h0pmhupdsc0e0.node0'), ('screenResolution', '2560x1440'), ('JSESSIONID.717c1d40', 'node01my3vb5896k7mebmotiwq9tlv4.node0'), ('session', '.eJwNzEESgyAMAMC_5MyBqBDKG_oHJ2JoO63ikHjq9O_1uJf9wly76BNy5Y-KAzaT7TC9t8drhxwcFO11tvaWi-A58DTSiAUJhbgEDCzLgOzX6bZWTylhSQs4aHZApohDjA5Olb7zJldhoiYdfn-SsyZZ.Y2TZpQ.kHxOXffYj4TbjsoVwaAmrRJZrS4')])",b'',http://localhost:5000/login?next=%2Fdashboard,,0.003000020980834961,,,5000,
2022-11-04T17:24:15.635354+08:00,127.0.0.1,"Mozilla/5.0 (Windows NT 10.0; Win64; x64) AppleWebKit/537.36 (KHTML, like Gecko) Chrome/107.0.0.0 Safari/537.36",keep-alive,POST,http,200,localhost,http://localhost:5000/reset_email,/reset_email,application/x-www-form-urlencoded,application/x-www-form-urlencoded,b'',"ImmutableMultiDict([('JSESSIONID', 'D9D8BA8466F688DD728744BC82B3B96E'), ('CSRF-TOKEN', '5f0cd5a2-8ecf-4b1a-9889-e5aec52c2bf8'), ('JSESSIONID.1e41f7a9', 'node0y08ape4kn0g11h0pmhupdsc0e0.node0'), ('screenResolution', '2560x1440'), ('JSESSIONID.717c1d40', 'node01my3vb5896k7mebmotiwq9tlv4.node0'), ('session', '.eJwNzEESgyAMAMC_5MyBqBDKG_oHJ2JoO63ikHjq9O_1uJf9wly76BNy5Y-KAzaT7TC9t8drhxwcFO11tvaWi-A58DTSiAUJhbgEDCzLgOzX6bZWTylhSQs4aHZApohDjA5Olb7zJldhoiYdfn-SsyZZ.Y2TZpQ.kHxOXffYj4TbjsoVwaAmrRJZrS4')])",b'',http://localhost:5000/reset_email,,0.001999378204345703,,,5000,
2022-11-04T17:26:25.114548+08:00,127.0.0.1,"Mozilla/5.0 (Windows NT 10.0; Win64; x64) AppleWebKit/537.36 (KHTML, like Gecko) Chrome/107.0.0.0 Safari/537.36",keep-alive,GET,http,200,localhost,http://localhost:5000/,/,,,b'',ImmutableMultiDict([]),b'',,,0.0010166168212890625,,,5000,
2022-11-04T17:26:26.878457+08:00,127.0.0.1,"Mozilla/5.0 (Windows NT 10.0; Win64; x64) AppleWebKit/537.36 (KHTML, like Gecko) Chrome/107.0.0.0 Safari/537.36",keep-alive,GET,http,200,localhost,http://localhost:5000/register,/register,,,b'',ImmutableMultiDict([]),b'',http://localhost:5000/,,0.0009989738464355469,,,5000,
2022-11-04T17:26:28.508898+08:00,127.0.0.1,"Mozilla/5.0 (Windows NT 10.0; Win64; x64) AppleWebKit/537.36 (KHTML, like Gecko) Chrome/107.0.0.0 Safari/537.36",keep-alive,GET,http,200,localhost,http://localhost:5000/login,/login,,,b'',"ImmutableMultiDict([('session', 'eyJfZnJlc2giOmZhbHNlLCJjc3JmX3Rva2VuIjoiZmM1ZTkyODcxYjY4YThmMzQxNGMxNTViOGMxZDcwNTJkNzQxNjE3OSJ9.Y2Tawg.tas1YS032Q14NHIpSqjuQSBSSoU')])",b'',http://localhost:5000/register,,0.0009953975677490234,,,5000,
2022-11-04T17:26:29.319667+08:00,127.0.0.1,"Mozilla/5.0 (Windows NT 10.0; Win64; x64) AppleWebKit/537.36 (KHTML, like Gecko) Chrome/107.0.0.0 Safari/537.36",keep-alive,GET,http,200,localhost,http://localhost:5000/reset_email,/reset_email,,,b'',"ImmutableMultiDict([('session', 'eyJfZnJlc2giOmZhbHNlLCJjc3JmX3Rva2VuIjoiZmM1ZTkyODcxYjY4YThmMzQxNGMxNTViOGMxZDcwNTJkNzQxNjE3OSJ9.Y2Tawg.tas1YS032Q14NHIpSqjuQSBSSoU')])",b'',http://localhost:5000/login,,0.0009458065032958984,,,5000,
2022-11-04T17:26:32.071039+08:00,127.0.0.1,"Mozilla/5.0 (Windows NT 10.0; Win64; x64) AppleWebKit/537.36 (KHTML, like Gecko) Chrome/107.0.0.0 Safari/537.36",keep-alive,POST,http,302,localhost,http://localhost:5000/reset_email,/reset_email,application/x-www-form-urlencoded,application/x-www-form-urlencoded,b'',"ImmutableMultiDict([('session', 'eyJfZnJlc2giOmZhbHNlLCJjc3JmX3Rva2VuIjoiZmM1ZTkyODcxYjY4YThmMzQxNGMxNTViOGMxZDcwNTJkNzQxNjE3OSJ9.Y2Tawg.tas1YS032Q14NHIpSqjuQSBSSoU')])",b'',http://localhost:5000/reset_email,,0.009029626846313477,,,5000,
2022-11-04T17:26:32.313617+08:00,127.0.0.1,"Mozilla/5.0 (Windows NT 10.0; Win64; x64) AppleWebKit/537.36 (KHTML, like Gecko) Chrome/107.0.0.0 Safari/537.36",keep-alive,GET,http,200,localhost,http://localhost:5000/login,/login,,,b'',"ImmutableMultiDict([('session', '.eJwNzEEKgzAQQNGrDLOW0lhjoqfovojEcULE1JRMpBTx7nX14S3-gaOPTgIL9q8DoVxB2YlYBCt8RnbCQIFphV_aM_DbLRF8ylACw8eJfFOeIbNwgbhs6w2Hc6iu7UUBe--icIUk2Y8lrbxhj540d7U1amqts_7RqIaU1pMlNZu7rmfTqFaZDs8_9r0zkg.Y2TayA.7cQF4mRPoPruatsHcuPJGOpyyy0')])",b'',http://localhost:5000/reset_email,,0.0019960403442382812,,,5000,
2022-11-04T17:26:35.570759+08:00,127.0.0.1,"Mozilla/5.0 (Windows NT 10.0; Win64; x64) AppleWebKit/537.36 (KHTML, like Gecko) Chrome/107.0.0.0 Safari/537.36",keep-alive,GET,http,200,localhost,http://localhost:5000/reset_email,/reset_email,,,b'',"ImmutableMultiDict([('session', 'eyJfZnJlc2giOmZhbHNlLCJjc3JmX3Rva2VuIjoiZmM1ZTkyODcxYjY4YThmMzQxNGMxNTViOGMxZDcwNTJkNzQxNjE3OSJ9.Y2TayA.GKZp_Fp_6U5QvVXgndOkKvVVGxs')])",b'',http://localhost:5000/login,,0.0,,,5000,
2022-11-04T17:26:37.451528+08:00,127.0.0.1,"Mozilla/5.0 (Windows NT 10.0; Win64; x64) AppleWebKit/537.36 (KHTML, like Gecko) Chrome/107.0.0.0 Safari/537.36",keep-alive,POST,http,302,localhost,http://localhost:5000/reset_email,/reset_email,application/x-www-form-urlencoded,application/x-www-form-urlencoded,b'',"ImmutableMultiDict([('session', 'eyJfZnJlc2giOmZhbHNlLCJjc3JmX3Rva2VuIjoiZmM1ZTkyODcxYjY4YThmMzQxNGMxNTViOGMxZDcwNTJkNzQxNjE3OSJ9.Y2TayA.GKZp_Fp_6U5QvVXgndOkKvVVGxs')])",b'',http://localhost:5000/reset_email,,0.007980108261108398,,,5000,
2022-11-04T17:26:37.709585+08:00,127.0.0.1,"Mozilla/5.0 (Windows NT 10.0; Win64; x64) AppleWebKit/537.36 (KHTML, like Gecko) Chrome/107.0.0.0 Safari/537.36",keep-alive,GET,http,200,localhost,http://localhost:5000/login,/login,,,b'',"ImmutableMultiDict([('session', '.eJwNzEEKgzAQQNGrDLOW0lhjoqfovojEcULE1JRMpBTx7nX14S3-gaOPTgIL9q8DoVxB2YlYBCt8RnbCQIFphV_aM_DbLRF8ylACw8eJfFOeIbNwgbhs6w2Hc6iu7UUBe--icIUk2Y8lrbxhj540d7U1amqts_7RqIaU1pMlNZu7rmfTqFaZDs8_9r0zkg.Y2TazQ.FB9FAH2d9jHHHKBtsnbByTaQoa4')])",b'',http://localhost:5000/reset_email,,0.0009999275207519531,,,5000,
2022-11-04T17:37:09.862687+08:00,127.0.0.1,"Mozilla/5.0 (Windows NT 10.0; Win64; x64) AppleWebKit/537.36 (KHTML, like Gecko) Chrome/107.0.0.0 Safari/537.36",keep-alive,GET,http,200,localhost,http://localhost:5000/register,/register,,,b'',"ImmutableMultiDict([('JSESSIONID', 'D9D8BA8466F688DD728744BC82B3B96E'), ('CSRF-TOKEN', '5f0cd5a2-8ecf-4b1a-9889-e5aec52c2bf8'), ('JSESSIONID.1e41f7a9', 'node0y08ape4kn0g11h0pmhupdsc0e0.node0'), ('screenResolution', '2560x1440'), ('JSESSIONID.717c1d40', 'node01my3vb5896k7mebmotiwq9tlv4.node0'), ('session', '.eJwNzEESgyAMAMC_5MyBqBDKG_oHJ2JoO63ikHjq9O_1uJf9wly76BNy5Y-KAzaT7TC9t8drhxwcFO11tvaWi-A58DTSiAUJhbgEDCzLgOzX6bZWTylhSQs4aHZApohDjA5Olb7zJldhoiYdfn-SsyZZ.Y2TaPw.Q_rq9wK-McocPq87gY1srgKA6G8')])",b'',http://localhost:5000/reset_email,,0.0010013580322265625,,,5000,
2022-11-04T17:39:13.006847+08:00,127.0.0.1,"Mozilla/5.0 (Windows NT 10.0; Win64; x64) AppleWebKit/537.36 (KHTML, like Gecko) Chrome/107.0.0.0 Safari/537.36",keep-alive,GET,http,200,localhost,http://localhost:5000/login,/login,,,b'',ImmutableMultiDict([]),b'',,,0.0009734630584716797,,,5000,
2022-11-04T17:39:13.866567+08:00,127.0.0.1,"Mozilla/5.0 (Windows NT 10.0; Win64; x64) AppleWebKit/537.36 (KHTML, like Gecko) Chrome/107.0.0.0 Safari/537.36",keep-alive,GET,http,404,localhost,http://localhost:5000/favicon.ico,/favicon.ico,,,b'',"ImmutableMultiDict([('session', 'eyJfZnJlc2giOmZhbHNlLCJjc3JmX3Rva2VuIjoiZTBlODg2MWZjYjg5YmU4ODg4MTQ3OGZkNzJmOWQxODJhNzM4MDM5MSJ9.Y2TdwQ.qYqFLkGBhlRw-Fw8pJcD001jvXE')])",b'',http://localhost:5000/login,,0.0,,,5000,
2022-11-04T17:39:16.002742+08:00,127.0.0.1,"Mozilla/5.0 (Windows NT 10.0; Win64; x64) AppleWebKit/537.36 (KHTML, like Gecko) Chrome/107.0.0.0 Safari/537.36",keep-alive,POST,http,200,localhost,http://localhost:5000/login,/login,application/x-www-form-urlencoded,application/x-www-form-urlencoded,b'',"ImmutableMultiDict([('session', 'eyJfZnJlc2giOmZhbHNlLCJjc3JmX3Rva2VuIjoiZTBlODg2MWZjYjg5YmU4ODg4MTQ3OGZkNzJmOWQxODJhNzM4MDM5MSJ9.Y2TdwQ.qYqFLkGBhlRw-Fw8pJcD001jvXE')])",b'',http://localhost:5000/login,,0.003999233245849609,,,5000,
2022-11-04T17:39:36.338461+08:00,127.0.0.1,"Mozilla/5.0 (Windows NT 10.0; Win64; x64) AppleWebKit/537.36 (KHTML, like Gecko) Chrome/107.0.0.0 Safari/537.36",keep-alive,GET,http,200,localhost,http://localhost:5000/login,/login,,,b'',ImmutableMultiDict([]),b'',,,0.00099945068359375,,,5000,
2022-11-04T17:39:37.584584+08:00,127.0.0.1,"Mozilla/5.0 (Windows NT 10.0; Win64; x64) AppleWebKit/537.36 (KHTML, like Gecko) Chrome/107.0.0.0 Safari/537.36",keep-alive,GET,http,404,localhost,http://localhost:5000/favicon.ico,/favicon.ico,,,b'',"ImmutableMultiDict([('session', 'eyJfZnJlc2giOmZhbHNlLCJjc3JmX3Rva2VuIjoiOGJiNDc4MjFkOTg2ZGI0MDRkYzZhYmNlMjhkODEwNTFlYTM1ZmM2OSJ9.Y2Td2A.I8oDW-318EFc-cAsAiCw9Z90dDk')])",b'',http://localhost:5000/login,,0.00099945068359375,,,5000,
2022-11-04T17:39:40.913385+08:00,127.0.0.1,"Mozilla/5.0 (Windows NT 10.0; Win64; x64) AppleWebKit/537.36 (KHTML, like Gecko) Chrome/107.0.0.0 Safari/537.36",keep-alive,POST,http,200,localhost,http://localhost:5000/login,/login,application/x-www-form-urlencoded,application/x-www-form-urlencoded,b'',"ImmutableMultiDict([('session', 'eyJfZnJlc2giOmZhbHNlLCJjc3JmX3Rva2VuIjoiOGJiNDc4MjFkOTg2ZGI0MDRkYzZhYmNlMjhkODEwNTFlYTM1ZmM2OSJ9.Y2Td2A.I8oDW-318EFc-cAsAiCw9Z90dDk')])",b'',http://localhost:5000/login,,0.19174718856811523,,,5000,
2022-11-04T17:40:02.285314+08:00,127.0.0.1,"Mozilla/5.0 (Windows NT 10.0; Win64; x64) AppleWebKit/537.36 (KHTML, like Gecko) Chrome/107.0.0.0 Safari/537.36",keep-alive,GET,http,200,localhost,http://localhost:5000/register,/register,,,b'',ImmutableMultiDict([]),b'',,,0.00099945068359375,,,5000,
2022-11-04T17:40:03.165567+08:00,127.0.0.1,"Mozilla/5.0 (Windows NT 10.0; Win64; x64) AppleWebKit/537.36 (KHTML, like Gecko) Chrome/107.0.0.0 Safari/537.36",keep-alive,GET,http,404,localhost,http://localhost:5000/favicon.ico,/favicon.ico,,,b'',"ImmutableMultiDict([('session', 'eyJfZnJlc2giOmZhbHNlLCJjc3JmX3Rva2VuIjoiNWEyYzE4ZDc3NjdkYTMzZjUxYWJiODFkNWRlYzRmMzNkYzJmZDY1OCJ9.Y2Td8g.jbYX_JZFgr7HHo4b3srBaPdhVPs')])",b'',http://localhost:5000/register,,0.0009984970092773438,,,5000,
2022-11-04T17:40:05.405312+08:00,127.0.0.1,"Mozilla/5.0 (Windows NT 10.0; Win64; x64) AppleWebKit/537.36 (KHTML, like Gecko) Chrome/107.0.0.0 Safari/537.36",keep-alive,POST,http,200,localhost,http://localhost:5000/register,/register,application/x-www-form-urlencoded,application/x-www-form-urlencoded,b'',"ImmutableMultiDict([('session', 'eyJfZnJlc2giOmZhbHNlLCJjc3JmX3Rva2VuIjoiNWEyYzE4ZDc3NjdkYTMzZjUxYWJiODFkNWRlYzRmMzNkYzJmZDY1OCJ9.Y2Td8g.jbYX_JZFgr7HHo4b3srBaPdhVPs')])",b'',http://localhost:5000/register,,0.002998828887939453,,,5000,
2022-11-04T17:40:46.727790+08:00,127.0.0.1,"Mozilla/5.0 (Windows NT 10.0; Win64; x64) AppleWebKit/537.36 (KHTML, like Gecko) Chrome/107.0.0.0 Safari/537.36",keep-alive,GET,http,200,localhost,http://localhost:5000/register,/register,,,b'',ImmutableMultiDict([]),b'',,,0.001089334487915039,,,5000,
2022-11-04T17:40:47.596575+08:00,127.0.0.1,"Mozilla/5.0 (Windows NT 10.0; Win64; x64) AppleWebKit/537.36 (KHTML, like Gecko) Chrome/107.0.0.0 Safari/537.36",keep-alive,GET,http,404,localhost,http://localhost:5000/favicon.ico,/favicon.ico,,,b'',"ImmutableMultiDict([('session', 'eyJfZnJlc2giOmZhbHNlLCJjc3JmX3Rva2VuIjoiZjkzYmJhOWRiODBhNTkwODBlZjhkMzM1MjhkOWUwNjhiZTJhN2YyYiJ9.Y2TeHg.voz0MhcvC-Z_6T2E9LPIWenqM_M')])",b'',http://localhost:5000/register,,0.0010001659393310547,,,5000,
